DATUM OD,DATUM DO,NAZEV,MESTO,TYP,KATEGORIE,DISCIPLINY,PORADATEL,KLUB,KLUB CISLO,REGISTRACE DO,URL
"""DATUM OD""","""DATUM DO""",NAZEV,MESTO,TYP,KATEGORIE,DISCIPLINY,PORADATEL,KLUB,"""KLUB CISLO""","""REGISTRACE DO""",URL
2024-03-02,2024-03-02,"""Jihoesk vzduchovka +Jihoesk KP""",Borek,"""2. kategorie""","""Mui, eny, Dorostenci st.""","""VzPi 60, VzPi 40, VzPu 60 ISSF, VzPu 40 ISSF""",,,301,2024-02-28,https://shooting.cz/cs/souteze/2024-03-02-jihoceska-vzduchovka-jihocesky-kp-1
2024-03-02,2024-03-02,"""Karlovarsk liga VzPu 4.kolo + vyhodnocen""","""Karlovy Vary - Bezov""","""2. kategorie""","""Mui, eny, Junioi, Juniorky, Dorostenci st., Dorostenky st., dorostenci ml., dorostenky ml., ci 13 a 14 let, kyn 13 a 14 let, ci do 12 let, kyn do 12 let, Senioi""","""VzPu 60 ISSF, VzPu 40 ISSF, VzPu 30 ISSF vlee, VzPu 30 ISSF vlee s oporou""",,,258,,https://shooting.cz/cs/souteze/2024-03-02-karlovarska-liga-vzpu-4-kolo-vyhodnoceni-1
2024-03-02,2024-03-02,"""VC SSK Dukla Plze Zrueno""",Plze,"""2. kategorie, ZRUENO""","""Dorostenci st., ci 13 a 14 let, ci do 12 let""","""VzPu 40 ISSF, VzPu 30 ISSF vlee""",,,370,2024-02-29,https://shooting.cz/cs/souteze/2024-03-02-vc-ssk-dukla-plzen-zruseno
2024-03-02,2024-03-02,"""Zmrzl stelec""","""Nov paka""","""3. kategorie""",Mui,"""SP 30+30""","""SSK Nov Paka """,,192,2024-03-02,https://shooting.cz/cs/souteze/2024-03-02-zmrzly-strelec-1
2024-03-02,2024-03-02,"""Chomutovsk vzduchovkov extraliga 2023 - 2024 8.kolo""",Chomutov,,"""Mui, Mui, eny, Junioi, Dorostenci st., ci 13 a 14 let, Veterni""","""VzPi 60, VzPi 40, VzPu 60 ISSF, VzPu 40 ISSF, VzPu 30 ISSF vlee""","""SSK Chomutov""",,,2023-10-15,https://shooting.cz/cs/souteze/2023-10-15-chomutovska-vzduchovkova-extraliga-2023-2024-1-kolo-2023-6
2024-03-02,2024-03-02,"""Pohr SSK Slatina Brno 2023 - 2024 5.kolo + finle""","""Brno - Zbrdovice""","""2. kategorie""","""SH1, Mui, eny, Dorostenci st., ci 13 a 14 let, ci do 12 let""","""VzPi 60, VzPi 40, VzPu 60 ISSF, VzPu 40 ISSF, VzPu 30 ISSF vlee""","""SSK Slatina Brno .0162""",,,2024-03-02,https://shooting.cz/cs/souteze/2023-11-14-pohar-ssk-slatina-brno-2023-2024-1-kolo_clone_638909
2024-03-03,2024-03-03,"""eskolipsk liga 2023/2024 4.kolo""","""esk Lpa""","""2. kategorie""","""Mui, eny, Juniorky, Dorostenci st., ci 13 a 14 let, ci do 12 let""","""VzPi 60, VzPi 40, VzPu 60 ISSF, VzPu 40 ISSF, VzPu 30 ISSF vlee, VzPu 30 ISSF vlee s oporou""","""SSK Manuice""",,,2024-02-25,https://shooting.cz/cs/souteze/2023-12-02-ceskolipska-liga-2023-2024-4-kolo-1
2024-03-03,2024-03-03,"""Extraliga drustev 10. ronk 3.kolo ZRUENO""",Plze,"""2. kategorie, ZRUENO""",Mui,"""VzPi 40""","""SSKP Rapid Plze 0232""",,,2024-03-03,https://shooting.cz/cs/souteze/2024-01-28-extraliga-druzstev-10-rocnik-3-kolo
2024-03-03,2024-03-03,"""Krajsk steleck liga mldee Zlnskho kraje 2.kolo""",Bezolupy,"""2. kategorie, Kraj""","""ci 13 a 14 let, kyn 13 a 14 let, ci do 12 let, kyn do 12 let""","""VzPu 30 ISSF vlee""",,,386,2024-02-28,https://shooting.cz/cs/souteze/2024-03-03-krajska-strelecka-liga-mladeze-zlinskeho-kraje-2-kolo-2
2024-03-03,2024-03-03,"""Putovn pohr SSK 0201 Chrast u Chrudimi 5.kolo""","""Chrast u Chrudimi""","""2. kategorie""","""SH1, Mui, eny, Veterni""","""VzPi 60, VzPi 40, VzPu 60 ISSF, VzPu 40 ISSF""","""SSK  0201 Chrast u Chrudimi""",,,2024-03-03,https://shooting.cz/cs/souteze/2023-11-05-putovni-pohar-ssk-0201-chrast-u-chrudimi-1-kolo-4
2024-03-03,2024-03-03,"""Vrchlabsko - Trutnovsk vzduchovkov liga 2023 finle""",Trutnov,"""2. kategorie""","""Mui, eny, Dorostenci st., Veterni""","""VzPi 60, VzPi 40""","""SSK  koda  Vrchlab  . 0095""",,,2024-03-03,https://shooting.cz/cs/souteze/2023-11-05-vrchlabsko-trutnovska-vzduchovkova-liga-2023-1-kolo-clone-508805-clone-983003-clone-600352-clone-106493
2024-03-03,2024-03-03,"""Zlat diabolka + 54. ronk memorilu Rudolfa Jocha a Eduarda Briskorina""",Bezolupy,"""2. kategorie""","""Mui, eny, Dorostenci st., ci 13 a 14 let, ci do 12 let""","""VzPu 60 ISSF, VzPu 40 ISSF, VzPu 30 ISSF vlee""",,,386,2024-02-28,https://shooting.cz/cs/souteze/2024-03-03-zlata-diabolka-54-rocnik-memorialu-rudolfa-jocha-a-eduarda-briskorina
2024-03-03,2024-03-03,"""Karlovarsk liga  vzduchov pistole 2023/2024 11.kolo""",Bezov,"""2. kategorie""","""Veterni 65+ let, Mui, eny, Dorostenci st., ci 13 a 14 let, Senioi""","""VzPi 60, VzPi 40, VzPi 60 s oporou, VzPi 40 s oporou""","""Karlovarsk krajsk sdruen SS""",,,2024-03-03,https://shooting.cz/cs/souteze/2023-10-15-karlovarska-liga-vzduchova-pistole-2023-2024-1-kolo_clone_355894_clone_825015
2024-03-09,2024-03-09,"""Klatovsk pohr 2023-2024 5.kolo""","""Dolany u Klatov""","""2. kategorie""","""ci 13 a 14 let, ci do 12 let""","""VzPu 30 ISSF vlee, VzPu 30 ISSF vlee s oporou""","""SSK  0173 Klatovy  """,,,2024-03-09,https://shooting.cz/cs/souteze/2023-11-11-pohar-mladeze-ssk-klatovy-2023-2024-1-kolo-4
2024-03-09,2024-03-10,"""Mistrovstv R 2024 - Vzduchov zbran""",Plze,"""1. kategorie, ebek, Sledovan""","""SH1, Mui, eny, Junioi, Juniorky, Dorostenci st., Dorostenky st., dorostenci ml., dorostenky ml., Senioi, ci""","""VzPi 60, VzPi 40, VzPu 60 ISSF, VzPu 40 ISSF""","""esk steleck svaz""",,,2024-02-26,https://shooting.cz/cs/souteze/2024-03-08-m-cr-2024-plzen-vzduchove-zbrane
2024-03-09,2024-03-09,"""O putovn pohr SSK Roov 20. ronk 4.kolo""",Roov,"""2. kategorie""","""Mui, eny, Junioi, Juniorky, Dorostenci st., ci 13 a 14 let, ci do 12 let""","""VzPu 60 ISSF, VzPu 40 ISSF, VzPu 30 ISSF vlee""","""SSK - 0899 Roov""",,,2024-03-07,https://shooting.cz/cs/souteze/2024-02-10-klon-o-putovni-pohar-ssk-rocov-20-rocnik-3-kolo
2024-03-09,2024-03-09,"""Slovansk elektronick pukov liga 2023-2024 - Finle""",Plze,"""2. kategorie""","""Mui, eny, Junioi, Juniorky, Dorostenci st.""","""VzPu 60 ISSF, VzPu 40 ISSF""","""SSK Plze  Slovany C-0015""",,,2024-03-09,https://shooting.cz/cs/souteze/2024-03-09-slovanska-elektronicka-puskova-liga-2023-2024-finale
2024-03-10,2024-03-10,"""Jarn cena""",Svitavy,"""2. kategorie""","""dorostenci ml., ci 13 a 14 let, ci do 12 let""","""VzPu 40 ISSF, VzPu 30 ISSF vlee""","""SV Svitavy""",,119,2024-03-10,https://shooting.cz/cs/souteze/2024-03-10-jarni-cena
2024-03-10,2024-03-10,"""Slovansk elektronick pistolov liga 2023-2024 - Finle""",Plze,"""2. kategorie""","""Mui, eny, Junioi, Juniorky, Dorostenci st.""","""VzPi 60, VzPi 40""","""SSK Plze  Slovany C-0015""",,,2024-03-10,https://shooting.cz/cs/souteze/2024-02-25-slovanska-elektronicka-pistolova-liga-2023-2024-finale
2024-03-16,2024-03-16,"""Jarn cena - """"Vyhnn pavouk""""""","""Nov Paka""","""2. kategorie""","""Mui, eny, Dorostenci st., Dorostenky st.""","""SM 30, LM 30""",,,192,2024-03-16,https://shooting.cz/cs/souteze/2024-03-16-jarni-cena-vyhaneni-pavouku-1
2024-03-16,2024-03-16,"""Jarn perkus - Historick zbran""",Semily,"""2. kategorie""",,"""PeRe, PeRe50m, KPiC, PePiV, PePuV, KPuV, Werndl""","""Michal Saska""",,731,2024-03-16,https://shooting.cz/cs/souteze/2024-03-16-jarni-perkus-historicke-zbrane-1
2024-03-16,2024-03-16,"""Krajsk steleck liga mldee Zlnskho kraje 3.kolo""","""Uhersk Ostroh""","""2. kategorie, Kraj""","""ci 13 a 14 let, kyn 13 a 14 let, ci do 12 let, kyn do 12 let""","""VzPu 30 ISSF vlee, VzPu 30 ISSF vlee s oporou""",,,210,2024-03-16,https://shooting.cz/cs/souteze/2024-03-16-krajska-strelecka-liga-mladeze-zlinskeho-kraje-3-kolo
2024-03-16,2024-03-16,"""Velikonon stlen 15.ronk""",Borek,"""2. kategorie""","""Mui, eny, Junioi, Juniorky, Dorostenci st., ci 13 a 14 let, ci do 12 let""","""VzPu 60 ISSF, VzPu 40 ISSF, VzPu 30 ISSF vlee""",,,301,2024-03-16,https://shooting.cz/cs/souteze/2024-03-16-velikonocni-strileni-15-rocnik-1
2024-03-16,2024-03-17,"""Sezemick MAMLAS 2024 - Vzduchov puka a pistole 100 ran""",Sezemice,"""3. kategorie""","""Mui, eny""",,,,253,2024-03-16,https://shooting.cz/cs/souteze/2024-03-16-sezemicky-mamlas-2024-vzduchova-puska-a-pistole-100-ran-1
2024-03-16,2024-03-16,"""Chomutovsk vzduchovkov extraliga 2023 - 2024 finle""",Chomutov,,"""Mui, Mui, eny, Junioi, Dorostenci st., ci 13 a 14 let, Veterni""","""VzPi 60, VzPi 40, VzPu 60 ISSF, VzPu 40 ISSF, VzPu 30 ISSF vlee""","""SSK Chomutov""",,,2023-10-15,https://shooting.cz/cs/souteze/2023-10-15-chomutovska-vzduchovkova-extraliga-2023-2024-1-kolo-2023-7
2024-03-16,2024-03-16,"""Pohr Srdce Symfonie""","""Ptek u Podbrad""","""2. kategorie""",,"""VzPu 30 ISSF vlee""",,,,2024-03-16,https://shooting.cz/cs/souteze/2024-03-16-pohar-srdce-symfonie
2024-03-17,2024-03-17,"""Jikovsk liga 2023/2024 4.kolo""",Jikov,"""2. kategorie""","""ci do 10 let, Mui, eny, Dorostenci st., ci 13 a 14 let, kyn 13 a 14 let, ci do 12 let, kyn do 12 let""","""VzPi 60, VzPi 40, VzPu 60 ISSF, VzPu 40 ISSF, VzPu 30 ISSF vlee, VzPu 30 ISSF vlee s oporou""","""SSK Jikov""",,,2024-03-17,https://shooting.cz/cs/souteze/2023-11-11-jirikovska-liga-2023-2024-1-kolo-2
2024-03-17,2024-03-17,"""Karlovarsk liga  vzduchov pistole 2023/2024 12.kolo""",Bezov,"""2. kategorie""","""Veterni 65+ let, Mui, eny, Dorostenci st., ci 13 a 14 let, Senioi""","""VzPi 60, VzPi 40, VzPi 60 s oporou, VzPi 40 s oporou""","""Karlovarsk krajsk sdruen SS""",,,2024-03-17,https://shooting.cz/cs/souteze/2023-10-15-karlovarska-liga-vzduchova-pistole-2023-2024-1-kolo_clone_355894_clone_236980
2024-03-17,2024-03-17,"""Vzduchov sportka 2023/24 4.kolo""",Chomutov,"""2. kategorie""","""Mui, eny, Dorostenci st., Dorostenky st.""","""SpVzPi 30+30""","""SSK Chomutov I. , II. a IV.kolo, SSK Louny III. kolo""",,,2023-11-19,https://shooting.cz/cs/souteze/2023-11-19-vzduchova-sportka-2023-24-1-kolo-2023-2
2024-03-23,2024-03-23,"""Jarn sout z pedovek 2024""",Ostrom,"""2. kategorie""",Mui,"""PePiC, PeRe, KPiC, DPi, PePiV, PePuC, PePuV, KPuC, Werndl""",,,214,2024-03-15,https://shooting.cz/cs/souteze/2024-03-23-jarni-soutez-z-predovek-2024-1
2024-03-23,2024-03-23,"""Mistrovstv R 2024 vzduchov puka 30 ran vlee""",Plze,"""1. kategorie""","""ci 13 a 14 let, kyn 13 a 14 let, ci do 12 let, kyn do 12 let""","""VzPu 30 ISSF vlee""","""esk steleck svaz""",,370,2024-03-11,https://shooting.cz/cs/souteze/2024-03-23-m-cr-2024-plzen-vzduchova-puska-30-ran-vleze
2024-03-23,2024-03-24,"""Mistrovstv R ze vzduchovch vcerannch zbran 2024""",Karvin,"""1. kategorie, ebek""","""Mui, eny, Junioi, Juniorky, Dorostenci st., Dorostenky st.""","""SpVzPi 30+30, StVzPi 3x20, RVzPi 2x30""","""esk steleck svaz""",,373,2024-03-12,https://shooting.cz/cs/souteze/2024-03-23-mistrovstvi-cr-ze-vzduchovych-vicerannych-zbrani-2024
2024-03-24,2024-03-24,"""Cena SV Svitavy 32. ronk""",,"""2. kategorie""",,"""VzPi 60, VzPi 40""","""SV Svitavy""",,119,2024-03-24,https://shooting.cz/cs/souteze/2024-03-24-cena-svc-svitavi-32-rocnik
2024-03-30,2024-03-30,"""Jarn cena 19. ronk""","""Uhersk Ostroh""","""2. kategorie""",Mui,"""PePiC, PeRe, PeRe50m, KPiC, DPi, PePuC, PePuV, KPuC, DPu, PePuC100m, PePuV100m""",,,210,2024-03-30,https://shooting.cz/cs/souteze/2024-03-30-jarni-cena-19-rocnik
2024-03-30,2024-03-30,"""Pohr msta ernovic""",ernovice,"""2. kategorie""","""ci 13 a 14 let, ci do 12 let""","""VzPu 30 ISSF vlee""",,,202,2024-03-30,https://shooting.cz/cs/souteze/2024-03-30-pohar-mesta-cernovic
2024-03-31,2024-03-31,"""Velikonon pistole""","""Nov paka""","""3. kategorie""",Mui,"""VP 30+30""",,,192,2024-04-01,https://shooting.cz/cs/souteze/2024-03-31-velikonocni-pistole
2024-04-06,2024-04-06,"""Dubnov otoka""",Chotbo,"""2. kategorie""","""Mui, eny, Junioi, Juniorky, Dorostenci st., dorostenci ml.""","""SP 30+30, VP 30+30""",,,120,,https://shooting.cz/cs/souteze/2024-04-06-dubnova-otocka-1
2024-04-06,2024-04-06,"""Medvd vstvn 2. ronk""",Podbrady,"""3. kategorie""",,,,,32,,https://shooting.cz/cs/souteze/2024-04-06
2024-04-06,2024-04-06,"""Memoril stelc 2024""",epirohy,"""2. kategorie""",Mui,"""PePiC, PeRe, KPiC, PePiV, PePuC, PePuV, KPuC, KPuV""",,,311,2024-04-06,https://shooting.cz/cs/souteze/2024-04-06-memorial-strelcu-2024
2024-04-06,2024-04-06,"""Memoril Vladimra Vvry""",Semily,"""2. kategorie""",,"""SP 30+30""","""Daniel Medek""",,731,2024-04-06,https://shooting.cz/cs/souteze/2024-04-06-memorial-vladimira-vavry-1
2024-04-06,2024-04-06,"""Pobovick diabolka - 2.ronk""",Pobovice,"""2. kategorie""","""ci 13 a 14 let, kyn 13 a 14 let, ci do 12 let, kyn do 12 let""","""VzPu 30 ISSF vlee, VzPu 30 ISSF vlee s oporou""",,,230,2024-04-02,https://shooting.cz/cs/souteze/2024-04-06-pobezovicka-diabolka-2-rocnik-1
2024-04-07,2024-04-07,"""Jarn cena Opavy""",Opava,"""2. kategorie""","""Mui, eny, Junioi, Juniorky, Dorostenci st., Dorostenky st.""","""SM 3x20, SM 60, LM 3x20, LM 60 ISSF""",,,4,2024-04-04,https://shooting.cz/cs/souteze/2024-04-07-jarni-cena-opavy-1
2024-04-11,2024-04-22,"""ISSF Final Olympic Qualification Championship Rifle & Pistol""","""Rio De Janeiro""","""repre-tmy, Sledovan, Svt""","""Mui, eny""","""VzPi 60, SP 30 men, RP 2x30, VzPu 60 ISSF, SM 3x20, LM 3x20""",,,,,https://shooting.cz/cs/souteze/2024-04-11-issf-final-olympic-qualification-champions-rio-de-janeiro-clone-798006
2024-04-13,2024-04-13,"""Karlovarsk liga LP60 1.kolo - Pohr hejtmana Karlovarskho kraje""","""Lomnice u Sokolova""","""2. kategorie""","""Mui, Junioi, Senioi""","""LP 60""",,,258,,https://shooting.cz/cs/souteze/2024-04-13-karlovarska-liga-lp60-1-kolo-pohar-hejtmana-karlovarskeho-kraje
2024-04-14,2024-04-14,"""Jarn cena SSK Pomez - 32.ronk""",Svitavy,"""2. kategorie""","""Mui, eny""","""VzPi 60, VzPi 40""","""SV Svitavy""",,119,2024-04-06,https://shooting.cz/cs/souteze/2024-04-14-jarni-cena-ssk-pomezi-32-rocnik-1
2024-04-14,2024-04-14,"""Krajsk steleck liga mldee Zlnskho kraje Finle""",Nivnice,"""2. kategorie, Kraj""","""ci 13 a 14 let, kyn 13 a 14 let, ci do 12 let, kyn do 12 let""","""VzPu 30 ISSF vlee, VzPu 30 ISSF vlee s oporou""",,,551,2024-04-14,https://shooting.cz/cs/souteze/2024-04-14-krajska-strelecka-liga-mladeze-zlinskeho-kraje-finale
2024-04-14,2024-04-14,"""Pohr starosty Lomnice LM,SM 60""","""Lomnice u Sokolova""","""2. kategorie""","""Mui, eny, Junioi, Juniorky, Dorostenci st., Dorostenky st., Senioi""","""SM 60, LM 60""",,,258,2024-04-14,https://shooting.cz/cs/souteze/2024-04-14-pohar-starosty-lomnice-lm-sm-60-1
2024-04-14,2024-04-14,"""Pohr starosty Lomnice LM,SM 60""",Sokolov,"""2. kategorie""","""Mui, eny, Junioi, Dorostenci st., Senioi""","""SM 60, LM 60""",,,258,2024-04-14,https://shooting.cz/cs/souteze/2024-04-14-pohar-starosty-lomnice-lm-sm-60-2
2024-04-17,2024-04-17,"""Fiala CUP 6.kolo""",Plze,"""2. kategorie""","""Mui, eny, Dorostenci st., ci 13 a 14 let""","""VzPi 40, VzPi 40 s oporou""","""SSK Dukla Plze - . 0370 (1. - 3. kolo) ,SSK Policie Rapid Plze - . 0232 (4.  6. kolo)""",,,2024-03-19,https://shooting.cz/cs/souteze/2023-10-11-fiala-cup-1-kolo-clone-464252
2024-04-19,2024-04-21,"""Kontroln sledovan zvod 2024 1.kolo""",Plze,"""1. kategorie, ebek, Sledovan, Stt""","""Mui, eny""","""LP 60, StP 3x20, VP 30+30, SM 60 ISSF, LM 60 ISSF""",,,,,https://shooting.cz/cs/souteze/2024-04-19-kontrolni-sledovany-zavod-2024-1-kolo
2024-04-19,2024-04-21,"""Kontroln zvod reprezentace 2024 1.kolo""",Plze,"""1. kategorie, ebek, Sledovan, Stt""","""Mui, eny""","""VzPi 60, SP 30+30, RP 2x30, VzPu 60 ISSF, SM 3x20, LM 3x20""",,,,,https://shooting.cz/cs/souteze/2024-04-19-kontrolni-zavod-reprezentace-2024-1-kolo
2024-04-19,2024-04-21,"""Oblastn steleck liga kule Karvin 2024 - 1. kolo""","""Karvin - Nov Msto""","""2. kategorie""","""Mui, eny, Junioi, Juniorky, Dorostenci st., Dorostenky st., dorostenci ml., dorostenky ml.""","""SP 30+30, LP 60, StP 3x20, RP 2x30, VP 15+15""",,,373,2024-04-19,https://shooting.cz/cs/souteze/2024-04-19-oblastni-strelecka-liga-kule-karvina-2024-1-kolo-1
2024-04-20,2024-04-20,"""Aprlov sportka""","""Praha 9 Hloubtn""","""3. kategorie""","""Mui, eny""","""SP 30 men""",,,121,2024-04-18,https://shooting.cz/cs/souteze/2024-04-20-aprilova-sportka
2024-04-20,2024-04-20,"""Karlovarsk liga SP 30+30 1.kolo - Sokolovsk sportka""","""Lomnice u Sokolova""","""2. kategorie""","""Mui, eny, Junioi, Juniorky, Dorostenci st., Dorostenky st., Senioi""","""SP 30+30""",,,258,2024-04-20,https://shooting.cz/cs/souteze/2024-04-20-karlovarska-liga-sp-30-30-1-kolo-sokolovska-sportka-1
2024-04-22,2024-05-01,"""ISSF Final Olympic Qualification Championship Shotgun""",Doha,"""repre-tmy, Sledovan, Svt""","""Mui, eny""","""Skeet, Trap""",,,,,https://shooting.cz/cs/souteze/2024-04-22-issf-final-olympic-qualification-champions-doha
2024-04-27,2024-04-27,"""Jarn cena SSK jezd Sv.Ke""","""jezd Sv.Ke""","""2. kategorie""","""Mui, eny, Dorostenci st., Senioi""","""SM 60, LM 60""",,,230,2024-04-25,https://shooting.cz/cs/souteze/2024-04-27-jarni-cena-ssk-ujezd-sv-krize-1
2024-04-27,2024-04-27,"""Karlovarsk liga SP 30+30 2.kolo / StP 3x20 1.kolo - Lomnick sportka""","""Lomnice u Sokolova""","""2. kategorie""","""Mui, eny, Junioi, Juniorky, Dorostenci st., Dorostenky st., Senioi""","""SP 30+30, StP 3x20""",,,258,2024-04-27,https://shooting.cz/cs/souteze/2024-04-27-karlovarska-liga-sp-30-30-2-kolo-stp-3x20-1-kolo-lomnicka-sportka
2024-04-27,2024-04-27,"""Velk cena Chotboe""",Chotbo,"""2. kategorie""","""Mui, eny, Junioi, Juniorky""","""LP 60""",,,120,,https://shooting.cz/cs/souteze/2024-04-27-velka-cena-chotebore-1
2024-04-27,2024-04-28,"""esk pohr mldee 2024 1.kolo Manuice""",Manuice,"""1. kategorie, ebek, Sledovan, Stt""","""Dorostenci st., Dorostenky st.""","""VzPi 40, SP 30+30, VzPu 40 ISSF, SM 3x20, SM 60""","""esk steleck svaz""",,200,2024-04-15,https://shooting.cz/cs/souteze/2024-04-27-cesky-pohar-mladeze-2024-1-kolo-manusice
2024-04-27,2024-04-28,"""esk pohr mldee 2024 1.kolo Ostrava""","""Ostrava - Poruba""","""1. kategorie, ebek, Sledovan, Stt""","""Dorostenci st., Dorostenky st.""","""VzPi 40, SP 30+30, VzPu 40 ISSF, SM 3x20, SM 60""","""esk steleck svaz""",,368,2024-04-15,https://shooting.cz/cs/souteze/2024-04-27-klon-cesky-pohar-mladeze-2024-1-kolo-ostrava
2024-04-28,2024-04-28,"""VC O Prosimice""",Prosimice,"""2. kategorie""","""Mui, eny, Junioi, Juniorky, Dorostenci st., dorostenci ml.""","""SM 3x20, SM 60, LM 3x20, LM 60""",,,125,2024-04-28,https://shooting.cz/cs/souteze/2024-04-28-vc-ou-prosimerice
2024-05-01,2024-05-01,"""Prvomjov pistole""","""Nov paka""","""3. kategorie""","""Mui, eny""","""VP 30 men""",,,192,2024-05-01,https://shooting.cz/cs/souteze/2024-05-01-prvomajova-pistole
2024-05-01,2024-05-05,"""52nd Grand Prix of  Liberation 2024 Plze""",Plze,"""1. kategorie, ebek, Sledovan, Svt""","""Mui, eny""","""VzPi 60, SP 30+30, LP 60, StP 3x20, RP 2x30, VP 30+30, VzPu 60 ISSF, SM 3x20, SM 60 ISSF, LM 3x20, LM 60 ISSF""","""Sdruen steleckch klub msta Plzn""",,,2024-04-24,https://shooting.cz/cs/souteze/2024-05-01-52nd-grand-prix-of-liberation-2024-plzen
2024-05-01,2024-05-12,"""ISSF World Cup Baku""",Baku,"""repre-tmy, Sledovan, Svt""","""Mui, eny""","""VzPi 60, SP 30 men, RP 2x30, VzPu 60 ISSF, SM 3x20, LM 3x20, Skeet, Trap""",,,,,https://shooting.cz/cs/souteze/2024-01-24-issf-world-cup-cairo-egypt-clone-400592
2024-05-03,2024-05-05,"""Oblastn steleck liga kule Karvin 2024 - 2. kolo + PM 2024 - 1. kolo (RP 2x30)""","""Karvin - Nov Msto""","""2. kategorie""","""Mui, eny, Junioi, Juniorky, Dorostenci st., Dorostenky st., dorostenci ml., dorostenky ml.""","""SP 30+30, LP 60, StP 3x20, RP 2x30, VP 15+15""",,,373,,https://shooting.cz/cs/souteze/2024-05-03-oblastni-strelecka-liga-kule-karvina-2024-2-kolo-cpm-2024-1-kolo-rp-2x30-1
2024-05-04,2024-05-04,"""Karlovarsk liga LP60 2.kolo""","""Lomnice u Sokolova""","""2. kategorie""","""Mui, Junioi, Senioi""","""LP 60""",,,258,2024-05-04,https://shooting.cz/cs/souteze/2024-05-04-karlovarska-liga-lp60-2-kolo-1
2024-05-04,2024-05-04,"""Memoril K. Trnky""","""Praha 9 Hloubtn""","""3. kategorie""","""Mui, eny""","""SP 30 men""",,,121,2024-05-02,https://shooting.cz/cs/souteze/2025-04-19-memorial-trnky-1
2024-05-04,2024-05-04,"""Pohr osvobozen msta Hluna""",Hlun,"""2. kategorie""","""Mui, eny, Junioi, Juniorky, Dorostenci st., Dorostenky st., dorostenci ml., dorostenky ml., Veterni""","""SM 3x20, SM 60""",,,34,2024-05-02,https://shooting.cz/cs/souteze/2024-05-04-pohar-osvobozeni-mesta-hlucina
2024-05-04,2024-05-04,"""Poszavsk pedovky""",Krhanice,"""2. kategorie""",,"""PePiC, PeRe, KPiC, DPi, PePiV""",,,117,,https://shooting.cz/cs/souteze/2024-05-04-posazavske-predovky-1
2024-05-04,2024-05-04,"""tt msta Tet""",Te,"""2. kategorie""","""Mui, eny, Junioi, Juniorky, Dorostenci st., dorostenci ml.""","""SM 3x20, SM 60 ISSF, LM 3x20, LM 60 ISSF""",,,39,2024-05-04,https://shooting.cz/cs/souteze/2024-05-04-stit-mesta-treste-1
2024-05-04,2024-05-04,"""VC dvor""",Dvory,"""2. kategorie""",,"""SM 60, LM 60""",,,37,,https://shooting.cz/cs/souteze/2024-05-04-vc-dvoru
2024-05-05,2024-05-05,"""Pohr Ostroje Opava""",Opava,"""2. kategorie""","""Mui, eny, Junioi, Juniorky, Dorostenci st., Dorostenky st.""","""SM 3x20, SM 60""",,,4,2024-05-02,https://shooting.cz/cs/souteze/2024-05-05-pohar-ostroje-opava
2024-05-05,2024-05-05,"""Steleck liga Horn Cerekev 2024 - 1.kolo""","""Horn Cerekev""","""2. kategorie""","""Mui, eny, Junioi, Juniorky, Dorostenci st., dorostenci ml.""","""SM 3x20, SM 60 ISSF, LM 3x20, LM 60 ISSF""",,,252,2024-05-05,https://shooting.cz/cs/souteze/2024-05-05-strelecka-liga-horni-cerekev-2024-1-kolo-1
2024-05-08,2024-05-08,"""Jarn cena""",Chotbo,"""2. kategorie""","""Mui, eny, Junioi, Juniorky, Dorostenci st., dorostenci ml.""","""SM 3x20, SM 60, LM 3x20, LM 60""",,,120,,https://shooting.cz/cs/souteze/2024-05-08-jarni-cena-1
2024-05-11,2024-05-11,"""Boreck pohr 2024 - 1.kolo""",Borek,"""2. kategorie""",Mui,"""SP 30+30""",,,42,2024-05-11,https://shooting.cz/cs/souteze/2024-05-11-borecky-pohar-2024-1-kolo-1
2024-05-11,2024-05-11,"""Jarn Cena Chaloupek""","""Praha 9""","""2. kategorie""","""Mui, eny, Junioi, Juniorky, Dorostenci st., Dorostenky st., dorostenci ml., dorostenky ml.""","""SM 3x20, SM 60, LM 3x20, LM 60""",,,134,2024-05-11,https://shooting.cz/cs/souteze/2024-05-11-jarni-cena-chaloupek
2024-05-11,2024-05-11,"""Memoril M. Hamerleho""","""Praha 9 Hloubtn""","""2. kategorie""","""Mui, eny""","""VP 15+15""",,,121,2024-05-09,https://shooting.cz/cs/souteze/2024-04-20-aprilova-sportka-1
2024-05-11,2024-05-11,"""O pohr starosty obce Brnit - 2. ronk""","""Brnit ""","""2. kategorie""","""Mui, eny, Dorostenci st., ci 13 a 14 let, ci do 12 let""","""VzPu 60 ISSF, VzPu 40 ISSF, VzPu 30 ISSF vlee""",,,10,2024-05-11,https://shooting.cz/cs/souteze/2024-05-11-o-pohar-starosty-obce-brniste-2-rocnik-1
2024-05-11,2024-05-11,"""VC Dvor""",Dvory,"""2. kategorie""",,"""SP 30+30""",,,37,,https://shooting.cz/cs/souteze/2024-05-11-vc-dvoru
2024-05-11,2024-05-11,"""VC SSK KODA - dvojzvod""",Vrchlab,"""2. kategorie, Pi""",Mui,"""VP 30+30""",,,95,2024-05-11,https://shooting.cz/cs/souteze/2024-05-11-vc-ssk-skoda-dvojzavod
2024-05-11,2024-05-12,"""Velk cena Medvd 6.ronk""",Podbrady,"""2. kategorie""",,"""SM 3x20, SM 60, LM 3x20, LM 60""","""SSK DDM Koln . 0045""",,45,,https://shooting.cz/cs/souteze/2024-05-11-velka-cena-medvedu-6-rocnik-1
2024-05-12,2024-05-12,"""Chocholousk edestka""","""Bystice nad Perntejnem""","""2. kategorie""","""Mui, eny, Junioi, Juniorky, Dorostenci st., dorostenci ml.""","""SM 60, LM 60""",,,303,,https://shooting.cz/cs/souteze/2024-05-12-chocholousska-sedesatka-1
2024-05-12,2024-05-12,"""Mjov cena - 32.ronk""",Svitavy,"""2. kategorie""","""Mui, eny""","""VzPi 60, VzPi 40""","""SV Svitavy""",,119,2024-05-04,https://shooting.cz/cs/souteze/2024-05-12-majova-cena-32-rocnik
2024-05-15,2024-05-27,"""European Championships Lonato""",Lonato,"""repre-tmy, Sledovan, Svt""","""Mui, eny, Junioi, Juniorky""","""Skeet, Trap""",,,,,https://shooting.cz/cs/souteze/2024-05-15-european-championships-lonato
2024-05-17,2024-05-19,"""Kontroln sledovan zvod 2024 2.kolo""",Plze,"""1. kategorie, ebek, Sledovan, Stt""","""Mui, eny""","""LP 60, StP 3x20, VP 30+30, SM 60 ISSF, LM 60 ISSF""",,,,,https://shooting.cz/cs/souteze/2024-05-17-kontrolni-sledovany-zavod-2024-2-kolo
2024-05-17,2024-05-19,"""Kontroln zvod reprezentace 2024 2.kolo""",Plze,"""1. kategorie, ebek, Sledovan, Stt""","""Mui, eny""","""VzPi 60, SP 30+30, RP 2x30, VzPu 60 ISSF, SM 3x20, LM 3x20""",,,,,https://shooting.cz/cs/souteze/2024-05-17-kontrolni-zavod-reprezentace-2024-2-kolo
2024-05-18,2024-05-18,"""Velk cena Chaloupek""","""Praha 9 Hloubtn""","""2. kategorie""","""Mui, eny""","""SP 30+30""",,,121,2024-05-16,https://shooting.cz/cs/souteze/2024-05-18
2024-05-18,2024-05-18,"""Zpadoesk liga dorostu - 3.kolo""",Klatovy,"""2. kategorie""","""Dorostenci st., Dorostenky st.""","""SM 60, LM 60""",,,173,2024-05-17,https://shooting.cz/cs/souteze/2024-05-18-zapadoceska-liga-dorostu-3-kolo-1
2024-05-19,2024-05-19,"""Steleck liga Horn Cerekev 2024 - 2.kolo""","""Horn Cerekev""","""2. kategorie""","""Mui, eny, Junioi, Juniorky, Dorostenci st., dorostenci ml.""","""SM 3x20, SM 60 ISSF, LM 3x20, LM 60 ISSF""",,,252,2024-05-19,https://shooting.cz/cs/souteze/2024-05-19-strelecka-liga-horni-cerekev-2024-2-kolo
2024-05-23,2024-06-09,"""European Championships Osijek""",Osijek,"""repre-tmy, Sledovan, Svt""","""Mui, eny, Junioi, Juniorky""","""SP 30 men, LP 60, RP 2x30, SM 3x20, SM 60 ISSF, LM 3x20, LM 60 ISSF""",,,,,https://shooting.cz/cs/souteze/2024-05-23-european-championships-osijek
2024-05-25,2024-05-25,"""Cena pivovaru Chotbo""",Chotbo,"""2. kategorie""","""Mui, eny, Junioi, Juniorky, Dorostenci st., dorostenci ml.""","""SP 30+30""",,,120,,https://shooting.cz/cs/souteze/2024-05-25-cena-pivovaru-chotebor-1
2024-05-25,2024-05-25,"""Chalupeck mizivky""","""Praha 9""","""3. kategorie""","""Mui, eny, Junioi""","""M-PU-MC(Pu), M-PU-MC(OM)""",,,134,2024-05-25,https://shooting.cz/cs/souteze/2024-05-25-chalupecke-mizivky-1
2024-05-25,2024-05-25,"""Mjov sportka""","""Praha 9 Hloubtn""","""3. kategorie""","""Mui, eny""","""SP 30 men""",,,121,2024-05-23,https://shooting.cz/cs/souteze/2024-05-25
2024-05-25,2024-05-26,"""esk pohr mldee 2024 2.kolo Karlovy Vary - Bezov""","""Karlovy Vary - Bezov""","""1. kategorie, ebek, Sledovan, Stt""","""Dorostenci st., Dorostenky st.""","""VzPi 40, SP 30+30, VzPu 40 ISSF, SM 3x20, SM 60""","""esk steleck svaz""",,115,2024-05-13,https://shooting.cz/cs/souteze/2024-05-25-cesky-pohar-mladeze-2024-2-kolo-karlovy-vary-brezova
2024-05-25,2024-05-26,"""esk pohr mldee 2024 2.kolo Ostrava""","""Ostrava - Poruba""","""1. kategorie, ebek, Sledovan, Stt""","""Dorostenci st., Dorostenky st.""","""VzPi 40, SP 30+30, VzPu 40 ISSF, SM 3x20, SM 60""","""esk steleck svaz""",,368,2024-05-13,https://shooting.cz/cs/souteze/2024-05-25-klon-klon-cesky-pohar-mladeze-2024-2-kolo-ostrava
2024-05-26,2024-05-26,"""Buchlovsk pedovky""",Buchlovice,"""2. kategorie""",Mui,"""PePiC, PeRe, PePuC, PePuV""",,,209,,https://shooting.cz/cs/souteze/2024-05-26-buchlovske-predovky
2024-05-26,2024-05-26,"""Cena SSK r n.S.""","""Velk Mezi""","""2. kategorie""","""Mui, eny, Junioi, Juniorky, Dorostenci st., dorostenci ml.""","""SM 3x20, SM 60, LM 3x20, LM 60""",,,161,,https://shooting.cz/cs/souteze/2024-05-26-cena-ssk-zdar-n-s
2024-05-26,2024-05-26,"""Kelsk liga 2024 - 2.kolo""",Kel,"""2. kategorie""",Mui,"""SP 30+30""",,,464,,https://shooting.cz/cs/souteze/2024-05-26-kelcska-liga-2024-2-kolo-1
2024-05-26,2024-05-26,"""Memoril Miloe Slaniny 2024""",Karvin,"""2. kategorie""","""Mui, eny, Junioi, Juniorky, Dorostenci st.""","""LP 60""",,,373,2024-05-26,https://shooting.cz/cs/souteze/2024-05-26-memorial-milose-slaniny-2024
2024-05-31,2024-06-02,"""Oblastn steleck liga kule Karvin 2024 - 3. kolo + PM 2024 - 2. kolo (RP 2x30)""","""Karvin - Nov Msto""","""2. kategorie""","""Mui, eny, Junioi, Juniorky, Dorostenci st., Dorostenky st., dorostenci ml., dorostenky ml.""","""SP 30+30, LP 60, StP 3x20, RP 2x30, VP 15+15""",,,373,,https://shooting.cz/cs/souteze/2024-05-31-oblastni-strelecka-liga-kule-karvina-2024-3-kolo-cpm-2024-2-kolo-rp-2x30-1
2024-05-31,2024-06-07,"""ISSF World Cup Munich""",Mnichov,"""repre-tmy, Sledovan, Svt""","""Mui, eny""","""VzPi 60, SP 30 men, RP 2x30, VzPu 60 ISSF, SM 3x20, LM 3x20""",,,,,https://shooting.cz/cs/souteze/2024-02-10-issf-world-cup-granada-clone-911039
2024-06-01,2024-06-01,"""Jarn cena Pezletic""",Ctnice,"""2. kategorie""","""Mui, eny, Dorostenci st., dorostenci ml.""","""SM 3x20, SM 60, LM 3x20, LM 60""",,,190,,https://shooting.cz/cs/souteze/2024-06-01-jarni-cena-prezletic-1
2024-06-01,2024-06-01,"""Pohr J. Krofty""","""Praha 9 Hloubtn""","""2. kategorie""","""Mui, eny""","""SP 30 men""",,,121,2024-05-30,https://shooting.cz/cs/souteze/2024-06-01
2024-06-01,2024-06-01,"""Poszavsk tictka Memorial Jaroslava Birndta""",Krhanice,"""3. kategorie""",,"""SP 30 men""",,,117,,https://shooting.cz/cs/souteze/2024-06-01-posazavska-tricitka-memorial-jaroslava-birndta-1
2024-06-01,2024-06-01,"""VC Krhanic""",Krhanice,"""2. kategorie""",,"""StP 3x20""",,,117,,https://shooting.cz/cs/souteze/2024-06-01-vc-krhanic-1
2024-06-01,2024-06-01,"""VC SSK 0311-Most 2024""",epirohy,"""2. kategorie""",Mui,"""PePiC, PeRe, KPiC, PePiV, PePuC, PePuV, KPuC, KPuV""",,,311,2024-06-01,https://shooting.cz/cs/souteze/2024-06-01-vc-ssk-0311-most-2024
2024-06-01,2024-06-01,"""VC SSK Brnit""","""Brnit ""","""2. kategorie""","""Mui, eny, Dorostenci st.""","""SM 60 ISSF, LM 60 ISSF""",,,10,2024-06-01,https://shooting.cz/cs/souteze/2024-06-01-vc-ssk-brniste-1
2024-06-02,2024-06-02,"""Lukovsk sportka XV. ro4n9k""","""Lukov u Lankrouna""","""2. kategorie""",Mui,"""SP 30+30, VP 30+30""","""SSKP ORLICE st nad Orlic""",,262,2024-05-24,https://shooting.cz/cs/souteze/2024-06-02-lukovska-sportka-xv-ro4n9k
2024-06-02,2024-06-02,"""Memoril Oldicha Gavendy 4. ronk""",Opava,"""2. kategorie""","""Mui, eny, Junioi, Juniorky, Dorostenci st., Dorostenky st.""","""SM 3x20, SM 60, LM 3x20, LM 60""",,,4,2024-05-30,https://shooting.cz/cs/souteze/2024-06-02-memorial-oldricha-gavendy-4-rocnik
2024-06-02,2024-06-02,"""Steleck liga Horn Cerekev 2024 - 3.kolo, Pohr AVZO Horn Cerekev""","""Horn Cerekev""","""2. kategorie""","""Mui, eny, Junioi, Juniorky, Dorostenci st., dorostenci ml.""","""SM 3x20, SM 60 ISSF, LM 3x20, LM 60 ISSF""",,,252,2024-06-02,https://shooting.cz/cs/souteze/2024-06-02-strelecka-liga-horni-cerekev-2024-3-kolo-pohar-avzo-horni-cerekev
2024-06-07,2024-06-09,"""International Championship of Veterans""",Plze,"""1. kategorie, Svt""","""Veterni 45 - 54 let, Veterni 65+ let, SH1, eny, Veterni""","""VzPi 40, SP 30+30, SP 30 men, VzPu 40 ISSF""",,,15,2024-05-30,https://shooting.cz/cs/souteze/2024-06-07-international-championship-of-veterans
2024-06-08,2024-06-08,"""ervnov stlen """,Borek,"""2. kategorie""","""Mui, eny, Junioi, Juniorky, Dorostenci st., ci 13 a 14 let, ci do 12 let""","""VzPu 60 ISSF, VzPu 40 ISSF, VzPu 30 ISSF vlee""",,,301,2024-06-05,https://shooting.cz/cs/souteze/2024-06-08-cervnove-strileni-1
2024-06-08,2024-06-08,"""Dvorsk ance""",Dvory,"""2. kategorie""",,"""VP 30+30""",,,37,,https://shooting.cz/cs/souteze/2024-06-08-dvorska-sance
2024-06-10,2024-06-19,"""ISSF World Cup Lonato""",Lonato,"""repre-tmy, Sledovan""","""Mui, eny""","""Skeet, Trap""",,,,,https://shooting.cz/cs/souteze/2024-02-04-issf-world-cup-shotgun-rabat-clone-216992
2024-06-14,2024-06-16,"""Kontroln sledovan zvod 2024 3.kolo""",Plze,"""1. kategorie, ebek, Sledovan, Stt""","""Mui, eny""","""LP 60, StP 3x20, VP 30+30, SM 60 ISSF, LM 60 ISSF""",,,,,https://shooting.cz/cs/souteze/2024-06-14-kontrolni-sledovany-zavod-2024-3-kolo
2024-06-14,2024-06-16,"""Kontroln zvod reprezentace 2024 3.kolo""",Plze,"""1. kategorie, ebek, Sledovan, Stt""","""Mui, eny""","""VzPi 60, SP 30+30, RP 2x30, VzPu 60 ISSF, SM 3x20, LM 3x20""",,,,,https://shooting.cz/cs/souteze/2024-06-14-kontrolni-zavod-reprezentace-2024-3-kolo
2024-06-15,2024-06-15,"""Aktov sportka""","""Praha 9 Hloubtn""","""3. kategorie""","""Mui, eny""","""SP 30 men""",,,121,2024-06-13,https://shooting.cz/cs/souteze/2024-06-15-akatova-sportka-1
2024-06-15,2024-06-15,"""Boreck pohr 2024 - 2.kolo""",Borek,"""2. kategorie""",Mui,"""SP 30+30""",,,42,2024-05-11,https://shooting.cz/cs/souteze/2024-06-15-borecky-pohar-2024-2-kolo-1
2024-06-15,2024-06-15,""" Memoril Fr. Myky""",Dvory,"""2. kategorie""",,"""SM 60, LM 60""",,,37,,https://shooting.cz/cs/souteze/2024-06-15-memorial-fr-mysky
2024-06-16,2024-06-16,"""Lukovsk kule  XVII. ronk +  pebor Pardubickho a  Krlovhradeckho kraje""","""Lukov u Lankrouna""","""2. kategorie, Kraj""",Mui,"""PePiC, PeRe, KPiC, PePiV, PePuC, PePuV, KPuC""","""SSKP ORLICE st nad Orlic""",,262,2024-06-07,https://shooting.cz/cs/souteze/2024-06-16-lukovska-kule-xvii-rocnik
2024-06-21,2024-06-23,"""Oblastn steleck liga kule Karvin 2024 - 4. kolo + PM 2024 - 3. kolo (RP 2x30)""","""Karvin - Nov Msto""","""2. kategorie""","""Mui, eny, Junioi, Juniorky, Dorostenci st., Dorostenky st., dorostenci ml., dorostenky ml.""","""SP 30+30, LP 60, StP 3x20, RP 2x30, VP 15+15""",,,373,,https://shooting.cz/cs/souteze/2024-06-21-oblastni-strelecka-liga-kule-karvina-2024-4-kolo-cpm-2024-3-kolo-rp-2x30-1
2024-06-22,2024-06-22,"""Letn Cena Chaloupek""","""Praha 9""","""2. kategorie""","""Mui, eny, Junioi, Juniorky, Dorostenci st., Dorostenky st., dorostenci ml., dorostenky ml.""","""SM 3x20, SM 60, LM 3x20, LM 60""",,,134,,https://shooting.cz/cs/souteze/2024-06-22-letni-cena-chaloupek-1
2024-06-22,2024-06-22,""" VC SSK+AVZO Semily - Historick zbran""",Semily,"""2. kategorie""",,"""PeRe, PeRe50m, KPiC, PePiV, PePuV, KPuV, Werndl""","""Michal Saska""",,731,2024-10-05,https://shooting.cz/cs/souteze/2024-06-22-vc-ssk-avzo-semily-historicke-zbrane-1
2024-06-23,2024-06-23,"""VC SSK Prosimice""",Prosimice,"""2. kategorie""","""Mui, eny, Junioi, Juniorky, Dorostenci st., dorostenci ml.""","""SM 3x20, SM 60, LM 3x20, LM 60""",,,125,2024-06-23,https://shooting.cz/cs/souteze/2024-06-23-vc-ssk-prosimerice
2024-06-23,2024-06-23,"""Velk cena Bystice n.P.""","""Bystice nad Perntejnem""","""2. kategorie""","""Mui, eny, Junioi, Juniorky, Dorostenci st., dorostenci ml.""","""SM 3x20, SM 60, LM 3x20, LM 60""",,,303,,https://shooting.cz/cs/souteze/2024-06-23-velka-cena-bystrice-n-p-1
2024-06-23,2024-06-23,"""Vrchlabsk libovolka I. a sportka""",Vrchlab,"""2. kategorie, Pi""","""Mui, eny, Dorostenci st., Dorostenky st.""","""SP 30+30, LP 60""",,,95,2024-06-23,https://shooting.cz/cs/souteze/2024-06-23-vrchlabska-libovolka-i-a-sportka-1
2024-06-24,2024-06-27,"""Olympida dt a mldee 2024""","""esk Budjovice""","""1. kategorie, Sledovan""","""Dorostenci st., Dorostenky st.""","""VzPi 40, VzPu 40 ISSF""","""Kraj Jihoesk","  SS z.s. - Jihoesk krajsk sdruen""",,,2024-05-27
2024-06-29,2024-06-29,"""Polabsk pohr""",podbrady,"""2. kategorie""",,"""SM 60, LM 60""","""Koln 0348""",,32,,https://shooting.cz/cs/souteze/2024-06-29-polabsky-pohar-1
2024-06-29,2024-06-29,"""VC Buchlovic""",Buchlovice,"""2. kategorie""","""Mui, eny, Junioi""","""SP 30+30, VP 15+15""",,,209,,https://shooting.cz/cs/souteze/2024-06-29-vc-buchlovic-1
2024-06-29,2024-06-30,"""esk pohr mldee 2024 3.kolo Manuice""",Manuice,"""1. kategorie, ebek, Sledovan, Stt""","""Dorostenci st., Dorostenky st.""","""VzPi 40, SP 30+30, VzPu 40 ISSF, SM 3x20, SM 60""","""esk steleck svaz""",,200,2024-06-17,https://shooting.cz/cs/souteze/2024-06-29-cesky-pohar-mladeze-2024-3-kolo-manusice
2024-06-29,2024-06-30,"""esk pohr mldee 2024 3.kolo Ostrava""","""Ostrava - Poruba""","""1. kategorie, ebek, Sledovan, Stt""","""Dorostenci st., Dorostenky st.""","""VzPi 40, SP 30+30, VzPu 40 ISSF, SM 3x20, SM 60""","""esk steleck svaz""",,368,2024-06-17,https://shooting.cz/cs/souteze/2024-06-29-cesky-pohar-mladeze-2024-3-kolo-ostrava
2024-06-30,2024-06-30,"""Kelsk liga 2024 - 3.kolo, CENA KELE""",Kel,"""2. kategorie""",Mui,"""SP 30+30""",,,464,,https://shooting.cz/cs/souteze/2024-06-30-kelcska-liga-2024-3-kolo-cena-kelce
2024-07-05,2024-07-05,"""Klatovsk karafit""",Klatovy,"""2. kategorie""","""Mui, eny, Junioi, Juniorky, Dorostenci st., Senioi""","""SP 30+30, LP 60""",,,173,2024-07-04,https://shooting.cz/cs/souteze/2024-07-05-klatovsky-karafiat-1
2024-07-06,2024-07-06,"""59. ronk Velk ceny msta Uhersk Ostroh a 45. Ronk memorilu Stanislava Kivka""","""Uhersk Ostroh""","""2. kategorie""",Mui,"""PePiC, PeRe, PeRe50m, KPiC, DPi, PePiV, PePuC, PePuV, KPuC, DPu, DPuK, KPuV, PePuC100m, PePuV100m, KPu100""",,,210,2024-07-06,https://shooting.cz/cs/souteze/2024-07-06-59-rocnik-velke-ceny-mesta-uhersky-ostroh-a-45-rocnik-memorialu-stanislava-krivaka
2024-07-06,2024-07-06,"""Velk cena Chotboe""",Chotbo,"""2. kategorie""","""Mui, eny, Junioi, Juniorky, Dorostenci st., dorostenci ml.""","""SP 30+30""",,,120,,https://shooting.cz/cs/souteze/2024-07-06-velka-cena-chotebore-1
2024-07-09,2024-07-16,"""ISSF Junior World Cup Porpetto""",Porpetto,"""repre-tmy, Sledovan, Svt""","""Junioi, Juniorky""","""Skeet, Trap""",,,,,https://shooting.cz/cs/souteze/2024-07-09-issf-junior-world-cup-porpetto
2024-07-10,2024-07-14,"""Meeting of the Shooting Hopes 2024""",Plze,"""1. kategorie, ebek, Sledovan, Svt""","""Junioi, Juniorky""","""VzPi 60, SP 30+30, LP 60, StP 3x20, RP 2x30, VzPu 60 ISSF, SM 3x20, SM 60 ISSF, LM 3x20, LM 60 ISSF""","""Sdruen steleckch klub msta Plzn""",,,2024-07-03,https://shooting.cz/cs/souteze/2024-07-10-meeting-of-the-shooting-hopes-2024
2024-07-20,2024-07-20,"""Pohr msta Chotboe""",Chotbo,"""2. kategorie""","""Mui, eny, Junioi, Juniorky, Dorostenci st., dorostenci ml.""","""SP 30+30""",,,120,,https://shooting.cz/cs/souteze/2024-07-20-pohar-mesta-chotebore-1
2024-07-20,2024-07-20,"""Velk cena Batelova""",Batelov,"""2. kategorie""","""Mui, eny, Junioi, Dorostenci st., dorostenci ml.""","""SM 60, LM 60""",,,383,2024-07-18,https://shooting.cz/cs/souteze/2024-07-20-velka-cena-batelova
2024-07-21,2024-07-21,"""Steleck liga Horn Cerekev 2024 - 4.kolo""","""Horn Cerekev""","""2. kategorie""","""Mui, eny, Junioi, Juniorky, Dorostenci st., dorostenci ml.""","""SM 3x20, SM 60 ISSF, LM 3x20, LM 60 ISSF""",,,252,2024-07-21,https://shooting.cz/cs/souteze/2024-07-21-strelecka-liga-horni-cerekev-2024-4-kolo
2024-07-26,2024-08-05,"""XXXIII Olympic Games""",Pa,"""repre-tmy, Sledovan, Svt""","""Mui, eny""","""VzPi 60, SP 30 men, RP 2x30, VzPu 60 ISSF, SM 3x20, LM 3x20, Skeet, Trap""",,,,,https://shooting.cz/cs/souteze/2024-07-26-xxxiii-olympic-games
2024-07-27,2024-07-27,"""Boreck pohr 2024 - 3.kolo""",Borek,"""2. kategorie""",Mui,"""SP 30+30""",,,42,2024-05-11,https://shooting.cz/cs/souteze/2024-07-27-borecky-pohar-2024-3-kolo-1
2024-07-27,2024-07-28,"""Potkali se u Kolna 11.ronk""",Podbrady,"""2. kategorie""",,"""SM 3x20, SM 60, LM 3x20, LM 60""","""SSK DDM Koln . 0045""",,45,,https://shooting.cz/cs/souteze/2024-07-27-potkali-se-u-kolina-11-rocnik-2
2024-07-28,2024-07-28,"""Kelsk liga 2024 - 4.kolo""",Kel,"""2. kategorie""",Mui,"""SP 30+30""",,,464,,https://shooting.cz/cs/souteze/2024-07-28-kelcska-liga-2024-4-kolo-1
2024-08-03,2024-08-03,"""Memoril Guntera Stoklasy  ,, osm  RONK ""","""Nov paka""","""2. kategorie""",Mui,"""PePiC, PeRe, PePiV, PePuC, PePuV, KPuC, Werndl""",,,192,2024-08-03,https://shooting.cz/cs/souteze/2024-08-03-memorial-guntera-stoklasy-osmy-rocnik
2024-08-04,2024-08-04,"""Pohr Lobez""",Plze,"""2. kategorie""","""Mui, eny, Dorostenci st., Dorostenky st., Senioi""","""SP 30+30, StP 3x20""",,,232,2024-08-02,https://shooting.cz/cs/souteze/2024-08-04-pohar-lobez
2024-08-10,2024-08-10,"""Boreck pohr 2024 - 4.kolo""",Borek,"""2. kategorie""",Mui,"""SP 30+30""",,,42,2024-05-11,https://shooting.cz/cs/souteze/2024-08-10-borecky-pohar-2024-4-kolo-1
2024-08-10,2024-08-10,"""Memoril Josefa Sse""",Sokolov,"""2. kategorie""","""Mui, eny, Junioi, Dorostenci st., Senioi""","""SP 30+30, StP 3x20""",,,258,2024-08-10,https://shooting.cz/cs/souteze/2024-08-10-memorial-josefa-syse
2024-08-10,2024-08-10,"""Pohr msta Hluna""",Hlun,"""2. kategorie""","""Mui, eny, Junioi, Juniorky, Dorostenci st., Dorostenky st., dorostenci ml., dorostenky ml., Veterni""","""SM 3x20, SM 60""",,,34,2024-08-09,https://shooting.cz/cs/souteze/2024-08-10-pohar-mesta-hlucina-1
2024-08-11,2024-08-11,"""Opavsk lek a standard a pebor Moravskoslezskho kraje""",Opava,"""2. kategorie""","""Mui, eny, Junioi, Juniorky, Dorostenci st., Dorostenky st.""","""SM 3x20, SM 60, LM 3x20, LM 60""","""Ostroj Opava""",,4,2024-08-08,https://shooting.cz/cs/souteze/2024-08-11-opavsky-lezak-a-standard-a-prebor-moravskoslezskeho-kraje
2024-08-11,2024-08-11,"""Steleck liga Horn Cerekev 2024 - 5.kolo""","""Horn Cerekev""","""2. kategorie""","""Mui, eny, Junioi, Juniorky, Dorostenci st., dorostenci ml.""","""SM 3x20, SM 60 ISSF, LM 3x20, LM 60 ISSF""",,,252,2024-08-11,https://shooting.cz/cs/souteze/2024-08-11-strelecka-liga-horni-cerekev-2024-5-kolo
2024-08-17,2024-08-18,"""Akademick mistrovstv R 2024""",Plze,"""1. kategorie, ebek, Sledovan, Stt""","""Mui, eny""","""VzPi 60, SP 30+30, LP 60, VzPu 60 ISSF, SM 3x20, SM 60, LM 3x20, LM 60 ISSF""","""esk steleck svaz""",,,2024-08-17,https://shooting.cz/cs/souteze/2024-08-17-akademicke-mistrovstvi-cr-2024
2024-08-17,2024-08-18,"""esk pohr mldee 2024 4.kolo Plze spolen""",Plze,"""1. kategorie, ebek, Sledovan, Stt""","""Dorostenci st., Dorostenky st.""","""VzPi 40, SP 30+30, RP 2x30, VzPu 40 ISSF, SM 3x20, SM 60""","""esk steleck svaz""",,,2024-08-05,https://shooting.cz/cs/souteze/2024-08-17-cesky-pohar-mladeze-2024-4-kolo-plzen-spolecne
2024-08-18,2024-08-18,"""Vrchlabsk libovolka II. a sportka""",Vrchlab,"""2. kategorie, Pi""","""Mui, eny, Dorostenci st., Dorostenky st.""","""SP 30+30, LP 60""",,,95,2024-08-18,https://shooting.cz/cs/souteze/2024-08-18-vrchlabska-libovolka-ii-a-sportka-1
2024-08-23,2024-08-25,"""Kontroln sledovan zvod 2024 4.kolo""",Plze,"""1. kategorie, ebek, Sledovan, Stt""","""Mui, eny""","""LP 60, StP 3x20, VP 30+30, SM 60 ISSF, LM 60 ISSF""",,,,,https://shooting.cz/cs/souteze/2024-08-23-kontrolni-sledovany-zavod-2024-4-kolo
2024-08-23,2024-08-25,"""Kontroln zvod reprezentace 2024 4.kolo""",Plze,"""1. kategorie, ebek, Sledovan, Stt""","""Mui, eny""","""VzPi 60, SP 30+30, RP 2x30, VzPu 60 ISSF, SM 3x20, LM 3x20""",,,,,https://shooting.cz/cs/souteze/2024-08-23-kontrolni-zavod-reprezentace-2024-4-kolo
2024-08-24,2024-08-24,"""Rychl pistole""","""Nov paka""","""3. kategorie""",Mui,"""StVzPi 3x20""",,,192,2024-08-24,https://shooting.cz/cs/souteze/2024-08-24-rychla-pistole
2024-08-24,2024-08-25,"""VC Podbrad 2024 - Memoril J. Vlka""",Podbrady,"""2. kategorie""",,"""LM 3x20, LM 60""",,,32,,https://shooting.cz/cs/souteze/2024-08-24-vc-podebrad-2024-memorial-j-vlcka-1
2024-08-30,2024-09-01,"""Oblastn steleck liga kule Karvin 2024 - 5. kolo""","""Karvin - Nov Msto""","""2. kategorie""","""Mui, eny, Junioi, Juniorky, Dorostenci st., Dorostenky st., dorostenci ml., dorostenky ml.""","""SP 30+30, LP 60, StP 3x20, RP 2x30, VP 15+15""",,,373,,https://shooting.cz/cs/souteze/2024-08-30-oblastni-strelecka-liga-kule-karvina-2024-5-kolo-1
2024-08-31,2024-08-31,"""Memoril Gery a Libora Krkovch""",Manuice,"""2. kategorie""","""Mui, eny, Junioi, Juniorky, Dorostenci st., dorostenci ml.""","""SM 3x20, SM 60""",,,200,2024-08-25,https://shooting.cz/cs/souteze/2024-08-31-memorial-gery-a-libora-kurkovych-1
2024-08-31,2024-08-31,"""Podzimn vstel""","""Horn Cerekev""","""2. kategorie""","""Mui, eny""","""SM 60 ISSF, LM 60 ISSF""",,,252,2024-08-31,https://shooting.cz/cs/souteze/2024-08-31-podzimni-vystrel
2024-08-31,2024-08-31,"""Posledn przdninov vstel 23. ronk a 16. ronk Memorilu Karla Aubuse""","""Uhersk Ostroh""","""2. kategorie""",Mui,"""PePiC, PeRe, PeRe50m, KPiC, DPi, PePuC, PePuV, KPuC, DPu, PePuC100m, PePuV100m""",,,210,2024-08-31,https://shooting.cz/cs/souteze/2024-08-31-posledni-prazdninovy-vystrel-23-rocnik-a-16-rocnik-memorialu-karla-aubuse
2024-08-31,2024-08-31,"""Velk cena SSK Chotbo""",Chotbo,"""2. kategorie""","""Mui, eny, Junioi, Juniorky, Dorostenci st., dorostenci ml.""","""SM 3x20, SM 60, LM 3x20, LM 60""",,,120,,https://shooting.cz/cs/souteze/2024-08-31-velka-cena-ssk-chotebor-1
2024-09-01,2024-09-01,"""Memoril F.Vobra""","""Bystice nad Perntejnem""","""2. kategorie""","""Mui, eny, Junioi, Juniorky, Dorostenci st., dorostenci ml.""","""SM 60, LM 60""",,,303,,https://shooting.cz/cs/souteze/2024-09-01-memorial-f-vobra-1
2024-09-01,2024-09-01,"""Memoril Ilka Dlouhho""",Prosimice,"""2. kategorie""","""Mui, eny, Junioi, Juniorky, Dorostenci st., dorostenci ml.""","""SM 3x20, SM 60, LM 3x20, LM 60""",,,125,2024-09-01,https://shooting.cz/cs/souteze/2024-09-01-memorial-ilka-dlouheho
2024-09-06,2024-09-08,"""esk pohr mldee 2024 finle Plze""",Plze,"""1. kategorie, ebek, Sledovan, Stt""","""Dorostenci st., Dorostenky st.""","""VzPi 40, SP 30+30, RP 2x30, VzPu 40 ISSF, SM 3x20, SM 60""","""esk steleck svaz""",,,2024-08-26,https://shooting.cz/cs/souteze/2024-08-17-klon-cesky-pohar-mladeze-2024-4-kolo-plzen
2024-09-06,2024-09-08,"""Kontroln zvod reprezentace 2024 Finle""",Plze,"""1. kategorie, ebek, Sledovan, Stt""","""Mui, eny""","""VzPi 60, SP 30+30, RP 2x30, VzPu 60 ISSF, SM 3x20, LM 3x20""",,,,,https://shooting.cz/cs/souteze/2024-09-06-kontrolni-zavod-reprezentace-2024-finale
2024-09-07,2024-09-07,"""Boreck pohr 2024 - 5.kolo""",Borek,"""2. kategorie""",Mui,"""SP 30+30""",,,42,2024-05-11,https://shooting.cz/cs/souteze/2024-09-07-borecky-pohar-2024-5-kolo-1
2024-09-07,2024-09-07,"""Memoril Frantika Rejmana""","""Praha 9 Hloubtn""","""3. kategorie""","""Mui, eny""","""SP 30 men""",,,121,2024-09-05,https://shooting.cz/cs/souteze/2024-09-07-memorial-frantiska-rejmana-1
2024-09-08,2024-09-08,"""Kelsk liga 2024 - 5.kolo + FINLE""",Kel,"""2. kategorie""",Mui,"""SP 30+30""",,,464,,https://shooting.cz/cs/souteze/2024-09-08-kelcska-liga-2024-5-kolo-finale-1
2024-09-09,2024-09-12,"""Memoril Milana Albrechta""",Hlun,"""2. kategorie""","""Mui, eny, Junioi, Juniorky, Dorostenci st., Dorostenky st., Veterni""","""SM 60, LM 60""",,,34,2024-09-12,https://shooting.cz/cs/souteze/2024-09-09
2024-09-14,2024-09-14,"""Chaloupeck sportka""","""Praha 9 Hloubtn""","""3. kategorie""","""Mui, eny""","""SP 30 men""",,,121,2024-09-12,https://shooting.cz/cs/souteze/2024-09-14-chaloupecka-sportka-1
2024-09-14,2024-09-14,"""Podzimn cena Pezletic""",Ctnice,"""2. kategorie""","""Mui, eny, Dorostenci st., dorostenci ml.""","""SM 3x20, SM 60, LM 3x20, LM 60""",,,190,,https://shooting.cz/cs/souteze/2024-09-14-podzimni-cena-prezletic
2024-09-14,2024-09-14,"""VC Pelhimova, Memoril J.Veverky""",Pelhimov,"""2. kategorie""","""Mui, eny, Junioi, Juniorky, Dorostenci st., dorostenci ml.""","""SM 3x20, SM 60, LM 3x20, LM 60""",,,353,,https://shooting.cz/cs/souteze/2024-09-14-vc-pelhrimova-memorial-j-veverky-1
2024-09-15,2024-09-15,"""Memoril Jana Vondrka  XVII. ronk""","""Lukov u Lankrouna""","""2. kategorie""",Mui,"""PePiC, PeRe, KPiC, PePiV, PePuC, PePuV, KPuC""","""SSKP ORLICE st nad Orlic""",,262,2024-09-06,https://shooting.cz/cs/souteze/2024-09-15-memorial-jana-vondracka-xvii-rocnik
2024-09-15,2024-09-15,"""Pohr SSK Bystice n.P.""","""Bystice nad Perntejnem""","""2. kategorie""","""Mui, eny, Junioi, Juniorky, Dorostenci st., dorostenci ml.""","""SM 60, LM 60""",,,303,,https://shooting.cz/cs/souteze/2024-09-15-pohar-ssk-bystrice-n-p-1
2024-09-15,2024-09-15,"""VC Pelhimova, Memoril J.Veverky""",Pelhimov,"""2. kategorie""","""Mui, eny, Junioi, Juniorky, Dorostenci st., dorostenci ml.""","""SP 30+30, VP 30+30""",,,353,,https://shooting.cz/cs/souteze/2024-09-15-vc-pelhrimova-memorial-j-veverky-1
2024-09-20,2024-09-22,"""Mistrovstv R 2024 kule""",Plze,"""1. kategorie""","""Mui, eny, Junioi, Juniorky, Dorostenci st., Dorostenky st.""","""SP 30+30, LP 60, StP 3x20, RP 2x30, VP 30+30, SM 3x20, SM 60 ISSF, LM 3x20, LM 60 ISSF""","""esk steleck svaz""",,,2024-09-10,https://shooting.cz/cs/souteze/2024-09-20-mistrovstvi-cr-2024-kule
2024-09-21,2024-09-21,"""Krhanick pedovky""",Krhanice,"""2. kategorie""",,"""PePiC, PeRe, KPiC, DPi, PePiV""",,,117,,https://shooting.cz/cs/souteze/2024-09-21-krhanicke-predovky-1
2024-09-21,2024-09-21,"""Manuick pedovky""",Manuice,"""2. kategorie""",,"""PePiC, PeRe, KPiC, DPi, PePiV, PePuC, PePuV, KPuC, KPuV""","""SSK Manuice 0200""",,200,2024-09-19,https://shooting.cz/cs/souteze/2024-09-21-manusicke-predovky-1
2024-09-21,2024-09-21,"""Podzimn Cena Chaloupek""","""Praha 9""","""2. kategorie""","""Mui, eny, Junioi, Juniorky, Dorostenci st., Dorostenky st., dorostenci ml., dorostenky ml.""","""SM 3x20, SM 60, LM 3x20, LM 60""",,,134,,https://shooting.cz/cs/souteze/2024-09-21-podzimni-cena-chaloupek
2024-09-21,2024-09-21,"""VC Buchlovic""",Buchlovice,"""2. kategorie""",Mui,"""StP 3x20, VP 15+15""",,,209,,https://shooting.cz/cs/souteze/2024-09-21-vc-buchlovic-1
2024-09-21,2024-09-21,"""Velk cena amatr""","""Praha 9 Hloubtn""","""3. kategorie""","""Mui, eny""","""SP 30 men""",,,121,2024-09-19,https://shooting.cz/cs/souteze/2024-09-21
2024-09-26,2024-10-09,"""Junior World Championship Lima""",Lima,"""repre-tmy, Sledovan, Svt""","""Junioi, Juniorky""","""VzPi 60, SP 30 men, RP 2x30, VzPu 60 ISSF, SM 3x20, SM 60 ISSF, LM 3x20, LM 60 ISSF, Skeet, Trap""",,,,,https://shooting.cz/cs/souteze/2024-11-01-junior-world-championship-lima
2024-09-28,2024-09-28,"""Velk cena Letova""","""Praha 9 Hloubtn""","""2. kategorie""","""Mui, eny""","""SP 30 men""",,,121,2024-09-26,https://shooting.cz/cs/souteze/2024-09-28-1
2024-09-29,2024-09-29,"""Honba za rekordy Petra Hube 2024""",,"""2. kategorie""","""Mui, eny, Junioi, Juniorky, Dorostenci st., Dorostenky st., dorostenci ml., dorostenky ml.""","""SpVzPi 30+30, StVzPi 3x20""",,,373,2024-09-29,https://shooting.cz/cs/souteze/2024-09-29-honba-za-rekordy-petra-hubace-2024
2024-09-29,2024-09-29,"""Pohr SSK Mostit""","""Velk Mezi""","""2. kategorie""","""Mui, eny, Junioi, Juniorky, Dorostenci st., dorostenci ml.""","""SM 60, LM 60""",,,287,,https://shooting.cz/cs/souteze/2024-09-29-pohar-ssk-mostiste-1
2024-09-29,2024-09-29,"""Poszavsk pohr, 65.ronk""",Krhanice,"""2. kategorie""",,"""SP 30+30""",,,117,,https://shooting.cz/cs/souteze/2024-09-29-posazavsky-pohar-65-rocnik
2024-10-05,2024-10-05,"""Husitsk tt 65. ronk + Jihoesk KP""",Borek,"""2. kategorie""","""Mui, eny, Dorostenci st., Dorostenky st.""","""SP 30+30, SM 3x20, SM 60 ISSF, LM 3x20, LM 60 ISSF""",,,42,2024-10-02,https://shooting.cz/cs/souteze/2024-10-05-husitsky-stit-65-rocnik-jihocesky-kp-1
2024-10-05,2024-10-05,"""Memoril Vlastimila Hejla""","""Praha 9 Hloubtn""","""2. kategorie""","""Mui, eny""","""SP 30+30""",,,121,2024-10-03,https://shooting.cz/cs/souteze/2024-10-05-memorial-vlastimila-hejla
2024-10-06,2024-10-06,"""Pohr SSK Velk Mezi""","""Velk Mezi""","""2. kategorie""","""Mui, eny, Junioi, Juniorky, Dorostenci st., dorostenci ml.""","""SM 60, LM 60""",,,324,,https://shooting.cz/cs/souteze/2024-10-06-pohar-ssk-velke-mezirici
2024-10-12,2024-10-12,"""Budjick diabolka""",Borek,"""2. kategorie""","""Mui, eny, Junioi, Juniorky, Dorostenci st., ci 13 a 14 let, ci do 12 let""","""VzPu 60 ISSF, VzPu 40 ISSF, VzPu 30 ISSF vlee""",,,301,2024-10-09,https://shooting.cz/cs/souteze/2024-10-12-budejicka-diabolka-1
2024-10-12,2024-10-12,"""Pohr Sopky""","""Nov paka""","""2. kategorie""","""Mui, eny""","""LM 60""",,,192,2024-10-12,https://shooting.cz/cs/souteze/2024-10-12-pohar-sopky-1
2024-10-12,2024-10-12,"""Prask steleck festival""","""Praha 9 Hloubtn""","""2. kategorie""","""Mui, eny""","""VP 15+15""",,,121,2024-10-10,https://shooting.cz/cs/souteze/2024-10-12-prazsky-strelecky-festival-1
2024-10-19,2024-10-19,"""Podzimn sout z pedovek 2024""",Ostrom,"""2. kategorie""",Mui,"""PePiC, PeRe, KPiC, DPi, PePiV, PePuC, PePuV, KPuC, Werndl""",,,214,2024-10-11,https://shooting.cz/cs/souteze/2024-10-19-podzimni-soutez-z-predovek-2024-1
2024-10-19,2024-10-19,"""VC Borku - 26.ronk""",Borek,"""2. kategorie""","""Mui, eny, Junioi, Juniorky, Dorostenci st., Dorostenky st.""","""VzPi 60, VzPi 40, VzPu 60 ISSF, VzPu 40 ISSF""",,,42,2024-10-16,https://shooting.cz/cs/souteze/2024-10-19-vc-borku-26-rocnik-1
2024-10-19,2024-10-20,"""Tvrk 2024""",Plze,"""2. kategorie""",Mui,"""VzPi 60, VzPu 60 ISSF""",,,69,2024-10-19,https://shooting.cz/cs/souteze/2024-10-19-tvrdak-2024
2024-10-26,2024-10-26,"""Podzimn sportka""","""Praha 9 Hloubtn""","""3. kategorie""","""Mui, eny""","""SP 30 men""",,,121,2024-10-24,https://shooting.cz/cs/souteze/2024-10-26-podzimni-sportka-1
2024-11-02,2024-11-02,"""Podzimn sout""","""Nov paka""","""3. kategorie""",Mui,"""SP 30+30""",,,192,2024-11-02,https://shooting.cz/cs/souteze/2024-11-02-podzimni-soutez-2
2024-11-02,2024-11-02,"""VC Stromovky - 26.ronk""",Borek,"""2. kategorie""","""Mui, eny, Dorostenci st.""","""VzPi 60, VzPi 40, VzPu 60 ISSF, VzPu 40 ISSF""",,,301,2024-10-30,https://shooting.cz/cs/souteze/2024-11-02-vc-stromovky-26-rocnik-1
2024-11-02,2024-11-02,"""Vrchlabsko-Trutnovsk vzduchovkov liga 2024-2025 1.kolo""",Trutnov,"""2. kategorie, Pi""","""Mui, eny, Dorostenci st., Dorostenky st., Veterni""","""VzPi 60, VzPi 40""",,,95,2024-11-02,https://shooting.cz/cs/souteze/2024-11-02-vrchlabsko-trutnovska-vzduchovkova-liga-2024-2025-1-kolo-1
2024-11-23,2024-11-24,"""Grand Prix Rapid Plze""",Plze,"""1. kategorie, Sledovan""","""Mui, eny, Dorostenci st.""","""VzPi 60, VzPi 40, VzPu 60 ISSF, VzPu 40""",,,232,2024-11-14,https://shooting.cz/cs/souteze/2024-11-23-grand-prix-rapid-plzen
2024-11-30,2024-11-30,"""Vrchlabsko-Trutnovsk vzduchovkov liga 2024-2025 - 2.kolo""",Trutnov,"""2. kategorie, Pi""","""Mui, eny, Dorostenci st., Dorostenky st., Veterni""","""VzPi 60, VzPi 40""",,,95,2024-11-30,https://shooting.cz/cs/souteze/2024-11-30-vrchlabsko-trutnovska-vzduchovkova-liga-2024-2025-2-kolo-1
2024-12-07,2024-12-07,"""Vnon stlen - 16.ronk""",Borek,"""2. kategorie""","""Mui, eny, Junioi, Juniorky, Dorostenci st., ci 13 a 14 let, ci do 12 let""","""VzPu 60 ISSF, VzPu 40 ISSF, VzPu 30 ISSF vlee""",,,301,2024-12-04,https://shooting.cz/cs/souteze/2024-12-07-vanocni-strileni-16-rocnik
2025-01-04,2025-01-04,"""Vrchlabsko-Trutnovsk vzduchovkov liga 2024-2025 - 3.kolo""",Trutnov,"""2. kategorie, Pi""","""Mui, eny, Dorostenci st., Dorostenky st., Veterni""","""VzPi 60, VzPi 40""",,,95,2024-11-02,https://shooting.cz/cs/souteze/2025-01-04-vrchlabsko-trutnovska-vzduchovkova-liga-2024-2025-3-kolo-1
2025-02-01,2025-02-01,"""Vrchlabsko-Trutnovsk vzduchovkov liga 2024-2025 - 4.kolo""",Trutnov,"""2. kategorie, Pi""","""Mui, eny, Dorostenci st., Dorostenky st., Veterni""","""VzPi 60, VzPi 40""",,,95,2025-02-01,https://shooting.cz/cs/souteze/2025-02-01-vrchlabsko-trutnovska-vzduchovkova-liga-2024-2025-4-kolo-1
2025-02-01,2025-02-02,"""Testovac zvod""","""Hradec Krlov""","""Test, 3. kategorie""","""Mui, eny, Junioi""","""VzPi 60, SP 30+30, VP 30+30""",,,62,,https://shooting.cz/cs/souteze/2025-02-01-testovaci-zavod
2025-03-01,2025-03-01,"""Vrchlabsko-Trutnovsk vzduchovkov liga 2024-2025 - finle""",Trutnov,"""2. kategorie, Pi""","""Mui, eny, Dorostenci st., Dorostenky st., Veterni""","""VzPi 60, VzPi 40""",,,95,2025-03-01,https://shooting.cz/cs/souteze/2025-03-01-vrchlabsko-trutnovska-vzduchovkova-liga-2024-2025-finale-1
