"DATUM OD";"DATUM DO";NAZEV;MESTO;TYP;KATEGORIE;DISCIPLINY;PORADATEL;KLUB;"KLUB CISLO";"REGISTRACE DO";URL
2024-03-02;2024-03-02;"Jihoèeská vzduchovka +Jihoèeskı KP";Borek;"2. kategorie";"Mui, eny, Dorostenci st.";"VzPi 60, VzPi 40, VzPu 60 ISSF, VzPu 40 ISSF";;;301;2024-02-28;https://shooting.cz/cs/souteze/2024-03-02-jihoceska-vzduchovka-jihocesky-kp-1
2024-03-02;2024-03-02;"Karlovarská liga VzPu 4.kolo + vyhodnocení";"Karlovy Vary - Bøezová";"2. kategorie";"Mui, eny, Junioøi, Juniorky, Dorostenci st., Dorostenky st., dorostenci ml., dorostenky ml., áci 13 a 14 let, ákynì 13 a 14 let, áci do 12 let, ákynì do 12 let, Senioøi";"VzPu 60 ISSF, VzPu 40 ISSF, VzPu 30 ISSF vlee, VzPu 30 ISSF vlee s oporou";;;258;;https://shooting.cz/cs/souteze/2024-03-02-karlovarska-liga-vzpu-4-kolo-vyhodnoceni-1
2024-03-02;2024-03-02;"VC SSK Dukla Plzeò Zrušeno";Plzeò;"2. kategorie, ZRUŠENO";"Dorostenci st., áci 13 a 14 let, áci do 12 let";"VzPu 40 ISSF, VzPu 30 ISSF vlee";;;370;2024-02-29;https://shooting.cz/cs/souteze/2024-03-02-vc-ssk-dukla-plzen-zruseno
2024-03-02;2024-03-02;"Zmrzlı støelec";"Nová paka";"3. kategorie";Mui;"SP 30+30";"SSK Nová Paka ";;192;2024-03-02;https://shooting.cz/cs/souteze/2024-03-02-zmrzly-strelec-1
2024-03-02;2024-03-02;"Chomutovská vzduchovková extraliga 2023 - 2024 8.kolo";Chomutov;;"Mui, Mui, eny, Junioøi, Dorostenci st., áci 13 a 14 let, Veteráni";"VzPi 60, VzPi 40, VzPu 60 ISSF, VzPu 40 ISSF, VzPu 30 ISSF vlee";"SSK Chomutov";;;2023-10-15;https://shooting.cz/cs/souteze/2023-10-15-chomutovska-vzduchovkova-extraliga-2023-2024-1-kolo-2023-6
2024-03-02;2024-03-02;"Pohár SSK Slatina Brno 2023 - 2024 5.kolo + finále";"Brno - Zábrdovice";"2. kategorie";"SH1, Mui, eny, Dorostenci st., áci 13 a 14 let, áci do 12 let";"VzPi 60, VzPi 40, VzPu 60 ISSF, VzPu 40 ISSF, VzPu 30 ISSF vlee";"SSK Slatina Brno è.0162";;;2024-03-02;https://shooting.cz/cs/souteze/2023-11-14-pohar-ssk-slatina-brno-2023-2024-1-kolo_clone_638909
2024-03-03;2024-03-03;"Èeskolipská liga 2023/2024 4.kolo";"Èeská Lípa";"2. kategorie";"Mui, eny, Juniorky, Dorostenci st., áci 13 a 14 let, áci do 12 let";"VzPi 60, VzPi 40, VzPu 60 ISSF, VzPu 40 ISSF, VzPu 30 ISSF vlee, VzPu 30 ISSF vlee s oporou";"SSK Manušice";;;2024-02-25;https://shooting.cz/cs/souteze/2023-12-02-ceskolipska-liga-2023-2024-4-kolo-1
2024-03-03;2024-03-03;"Extraliga drustev 10. roèník 3.kolo ZRUŠENO";Plzeò;"2. kategorie, ZRUŠENO";Mui;"VzPi 40";"SSKP Rapid Plzeò 0232";;;2024-03-03;https://shooting.cz/cs/souteze/2024-01-28-extraliga-druzstev-10-rocnik-3-kolo
2024-03-03;2024-03-03;"Krajská støelecká liga mládee Zlínského kraje 2.kolo";Bøezolupy;"2. kategorie, Kraj";"áci 13 a 14 let, ákynì 13 a 14 let, áci do 12 let, ákynì do 12 let";"VzPu 30 ISSF vlee";;;386;2024-02-28;https://shooting.cz/cs/souteze/2024-03-03-krajska-strelecka-liga-mladeze-zlinskeho-kraje-2-kolo-2
2024-03-03;2024-03-03;"Putovní pohár SSK 0201 Chrast u Chrudimi 5.kolo";"Chrast u Chrudimi";"2. kategorie";"SH1, Mui, eny, Veteráni";"VzPi 60, VzPi 40, VzPu 60 ISSF, VzPu 40 ISSF";"SSK  0201 Chrast u Chrudimi";;;2024-03-03;https://shooting.cz/cs/souteze/2023-11-05-putovni-pohar-ssk-0201-chrast-u-chrudimi-1-kolo-4
2024-03-03;2024-03-03;"Vrchlabsko - Trutnovská vzduchovková liga 2023 finále";Trutnov;"2. kategorie";"Mui, eny, Dorostenci st., Veteráni";"VzPi 60, VzPi 40";"SSK  Škoda  Vrchlabí  è. 0095";;;2024-03-03;https://shooting.cz/cs/souteze/2023-11-05-vrchlabsko-trutnovska-vzduchovkova-liga-2023-1-kolo-clone-508805-clone-983003-clone-600352-clone-106493
2024-03-03;2024-03-03;"Zlatá diabolka + 54. roèník memoriálu Rudolfa Jocha a Eduarda Briskorina";Bøezolupy;"2. kategorie";"Mui, eny, Dorostenci st., áci 13 a 14 let, áci do 12 let";"VzPu 60 ISSF, VzPu 40 ISSF, VzPu 30 ISSF vlee";;;386;2024-02-28;https://shooting.cz/cs/souteze/2024-03-03-zlata-diabolka-54-rocnik-memorialu-rudolfa-jocha-a-eduarda-briskorina
2024-03-03;2024-03-03;"Karlovarská liga – vzduchová pistole 2023/2024 11.kolo";Bøezová;"2. kategorie";"Veteráni 65+ let, Mui, eny, Dorostenci st., áci 13 a 14 let, Senioøi";"VzPi 60, VzPi 40, VzPi 60 s oporou, VzPi 40 s oporou";"Karlovarské krajské sdruení ÈSS";;;2024-03-03;https://shooting.cz/cs/souteze/2023-10-15-karlovarska-liga-vzduchova-pistole-2023-2024-1-kolo_clone_355894_clone_825015
2024-03-09;2024-03-09;"Klatovskı pohár 2023-2024 5.kolo";"Dolany u Klatov";"2. kategorie";"áci 13 a 14 let, áci do 12 let";"VzPu 30 ISSF vlee, VzPu 30 ISSF vlee s oporou";"SSK  0173 Klatovy  ";;;2024-03-09;https://shooting.cz/cs/souteze/2023-11-11-pohar-mladeze-ssk-klatovy-2023-2024-1-kolo-4
2024-03-09;2024-03-10;"Mistrovství ÈR 2024 - Vzduchové zbranì";Plzeò;"1. kategorie, ebøíèek, Sledovanı";"SH1, Mui, eny, Junioøi, Juniorky, Dorostenci st., Dorostenky st., dorostenci ml., dorostenky ml., Senioøi, áci";"VzPi 60, VzPi 40, VzPu 60 ISSF, VzPu 40 ISSF";"Èeskı støeleckı svaz";;;2024-02-26;https://shooting.cz/cs/souteze/2024-03-08-m-cr-2024-plzen-vzduchove-zbrane
2024-03-09;2024-03-09;"O putovní pohár SSK Roèov 20. roèník 4.kolo";Roèov;"2. kategorie";"Mui, eny, Junioøi, Juniorky, Dorostenci st., áci 13 a 14 let, áci do 12 let";"VzPu 60 ISSF, VzPu 40 ISSF, VzPu 30 ISSF vlee";"SSK È- 0899 Roèov";;;2024-03-07;https://shooting.cz/cs/souteze/2024-02-10-klon-o-putovni-pohar-ssk-rocov-20-rocnik-3-kolo
2024-03-09;2024-03-09;"Slovanská elektronická pušková liga 2023-2024 - Finále";Plzeò;"2. kategorie";"Mui, eny, Junioøi, Juniorky, Dorostenci st.";"VzPu 60 ISSF, VzPu 40 ISSF";"SSK Plzeò – Slovany C-0015";;;2024-03-09;https://shooting.cz/cs/souteze/2024-03-09-slovanska-elektronicka-puskova-liga-2023-2024-finale
2024-03-10;2024-03-10;"Jarní cena";Svitavy;"2. kategorie";"dorostenci ml., áci 13 a 14 let, áci do 12 let";"VzPu 40 ISSF, VzPu 30 ISSF vlee";"SVÈ Svitavy";;119;2024-03-10;https://shooting.cz/cs/souteze/2024-03-10-jarni-cena
2024-03-10;2024-03-10;"Slovanská elektronická pistolová liga 2023-2024 - Finále";Plzeò;"2. kategorie";"Mui, eny, Junioøi, Juniorky, Dorostenci st.";"VzPi 60, VzPi 40";"SSK Plzeò – Slovany C-0015";;;2024-03-10;https://shooting.cz/cs/souteze/2024-02-25-slovanska-elektronicka-pistolova-liga-2023-2024-finale
2024-03-16;2024-03-16;"Jarní cena - ""Vyhánìní pavoukù""";"Nová Paka";"2. kategorie";"Mui, eny, Dorostenci st., Dorostenky st.";"SM 30, LM 30";;;192;2024-03-16;https://shooting.cz/cs/souteze/2024-03-16-jarni-cena-vyhaneni-pavouku-1
2024-03-16;2024-03-16;"Jarní perkus - Historické zbranì";Semily;"2. kategorie";;"PeRe, PeRe50m, KøPiC, PePiV, PePuV, KøPuV, Werndl";"Michal Saska";;731;2024-03-16;https://shooting.cz/cs/souteze/2024-03-16-jarni-perkus-historicke-zbrane-1
2024-03-16;2024-03-16;"Krajská støelecká liga mládee Zlínského kraje 3.kolo";"Uherskı Ostroh";"2. kategorie, Kraj";"áci 13 a 14 let, ákynì 13 a 14 let, áci do 12 let, ákynì do 12 let";"VzPu 30 ISSF vlee, VzPu 30 ISSF vlee s oporou";;;210;2024-03-16;https://shooting.cz/cs/souteze/2024-03-16-krajska-strelecka-liga-mladeze-zlinskeho-kraje-3-kolo
2024-03-16;2024-03-16;"Velikonoèní støílení 15.roèník";Borek;"2. kategorie";"Mui, eny, Junioøi, Juniorky, Dorostenci st., áci 13 a 14 let, áci do 12 let";"VzPu 60 ISSF, VzPu 40 ISSF, VzPu 30 ISSF vlee";;;301;2024-03-16;https://shooting.cz/cs/souteze/2024-03-16-velikonocni-strileni-15-rocnik-1
2024-03-16;2024-03-17;"Sezemickı MAMLAS 2024 - Vzduchová puška a pistole 100 ran";Sezemice;"3. kategorie";"Mui, eny";;;;253;2024-03-16;https://shooting.cz/cs/souteze/2024-03-16-sezemicky-mamlas-2024-vzduchova-puska-a-pistole-100-ran-1
2024-03-16;2024-03-16;"Chomutovská vzduchovková extraliga 2023 - 2024 finále";Chomutov;;"Mui, Mui, eny, Junioøi, Dorostenci st., áci 13 a 14 let, Veteráni";"VzPi 60, VzPi 40, VzPu 60 ISSF, VzPu 40 ISSF, VzPu 30 ISSF vlee";"SSK Chomutov";;;2023-10-15;https://shooting.cz/cs/souteze/2023-10-15-chomutovska-vzduchovkova-extraliga-2023-2024-1-kolo-2023-7
2024-03-16;2024-03-16;"Pohár Srdce Symfonie";"Pátek u Podìbrad";"2. kategorie";;"VzPu 30 ISSF vlee";;;;2024-03-16;https://shooting.cz/cs/souteze/2024-03-16-pohar-srdce-symfonie
2024-03-17;2024-03-17;"Jiøíkovská liga 2023/2024 4.kolo";Jiøíkov;"2. kategorie";"áci do 10 let, Mui, eny, Dorostenci st., áci 13 a 14 let, ákynì 13 a 14 let, áci do 12 let, ákynì do 12 let";"VzPi 60, VzPi 40, VzPu 60 ISSF, VzPu 40 ISSF, VzPu 30 ISSF vlee, VzPu 30 ISSF vlee s oporou";"SSK Jiøíkov";;;2024-03-17;https://shooting.cz/cs/souteze/2023-11-11-jirikovska-liga-2023-2024-1-kolo-2
2024-03-17;2024-03-17;"Karlovarská liga – vzduchová pistole 2023/2024 12.kolo";Bøezová;"2. kategorie";"Veteráni 65+ let, Mui, eny, Dorostenci st., áci 13 a 14 let, Senioøi";"VzPi 60, VzPi 40, VzPi 60 s oporou, VzPi 40 s oporou";"Karlovarské krajské sdruení ÈSS";;;2024-03-17;https://shooting.cz/cs/souteze/2023-10-15-karlovarska-liga-vzduchova-pistole-2023-2024-1-kolo_clone_355894_clone_236980
2024-03-17;2024-03-17;"Vzduchová sportka 2023/24 4.kolo";Chomutov;"2. kategorie";"Mui, eny, Dorostenci st., Dorostenky st.";"SpVzPi 30+30";"SSK Chomutov I. , II. a IV.kolo, SSK Louny III. kolo";;;2023-11-19;https://shooting.cz/cs/souteze/2023-11-19-vzduchova-sportka-2023-24-1-kolo-2023-2
2024-03-23;2024-03-23;"Jarní soutì z pøedovek 2024";Ostromìø;"2. kategorie";Mui;"PePiC, PeRe, KøPiC, DPi, PePiV, PePuC, PePuV, KøPuC, Werndl";;;214;2024-03-15;https://shooting.cz/cs/souteze/2024-03-23-jarni-soutez-z-predovek-2024-1
2024-03-23;2024-03-23;"Mistrovství ÈR 2024 vzduchová puška 30 ran vlee";Plzeò;"1. kategorie";"áci 13 a 14 let, ákynì 13 a 14 let, áci do 12 let, ákynì do 12 let";"VzPu 30 ISSF vlee";"Èeskı støeleckı svaz";;370;2024-03-11;https://shooting.cz/cs/souteze/2024-03-23-m-cr-2024-plzen-vzduchova-puska-30-ran-vleze
2024-03-23;2024-03-24;"Mistrovství ÈR ze vzduchovıch vícerannıch zbraní 2024";Karviná;"1. kategorie, ebøíèek";"Mui, eny, Junioøi, Juniorky, Dorostenci st., Dorostenky st.";"SpVzPi 30+30, StVzPi 3x20, RVzPi 2x30";"Èeskı støeleckı svaz";;373;2024-03-12;https://shooting.cz/cs/souteze/2024-03-23-mistrovstvi-cr-ze-vzduchovych-vicerannych-zbrani-2024
2024-03-24;2024-03-24;"Cena SVÈ Svitavy 32. roèník";;"2. kategorie";;"VzPi 60, VzPi 40";"SVÈ Svitavy";;119;2024-03-24;https://shooting.cz/cs/souteze/2024-03-24-cena-svc-svitavi-32-rocnik
2024-03-30;2024-03-30;"Jarní cena 19. roèník";"Uherskı Ostroh";"2. kategorie";Mui;"PePiC, PeRe, PeRe50m, KøPiC, DPi, PePuC, PePuV, KøPuC, DPu, PePuC100m, PePuV100m";;;210;2024-03-30;https://shooting.cz/cs/souteze/2024-03-30-jarni-cena-19-rocnik
2024-03-30;2024-03-30;"Pohár mìsta Èernovic";Èernovice;"2. kategorie";"áci 13 a 14 let, áci do 12 let";"VzPu 30 ISSF vlee";;;202;2024-03-30;https://shooting.cz/cs/souteze/2024-03-30-pohar-mesta-cernovic
2024-03-31;2024-03-31;"Velikonoèní pistole";"Nová paka";"3. kategorie";Mui;"VP 30+30";;;192;2024-04-01;https://shooting.cz/cs/souteze/2024-03-31-velikonocni-pistole
2024-04-06;2024-04-06;"Dubnová otoèka";Chotìboø;"2. kategorie";"Mui, eny, Junioøi, Juniorky, Dorostenci st., dorostenci ml.";"SP 30+30, VP 30+30";;;120;;https://shooting.cz/cs/souteze/2024-04-06-dubnova-otocka-1
2024-04-06;2024-04-06;"Medvìdí vstávání 2. roèník";Podìbrady;"3. kategorie";;;;;32;;https://shooting.cz/cs/souteze/2024-04-06
2024-04-06;2024-04-06;"Memoriál støelcù 2024";Èepirohy;"2. kategorie";Mui;"PePiC, PeRe, KøPiC, PePiV, PePuC, PePuV, KøPuC, KøPuV";;;311;2024-04-06;https://shooting.cz/cs/souteze/2024-04-06-memorial-strelcu-2024
2024-04-06;2024-04-06;"Memoriál Vladimíra Vávry";Semily;"2. kategorie";;"SP 30+30";"Daniel Medek";;731;2024-04-06;https://shooting.cz/cs/souteze/2024-04-06-memorial-vladimira-vavry-1
2024-04-06;2024-04-06;"Pobìovická diabolka - 2.roèník";Pobìovice;"2. kategorie";"áci 13 a 14 let, ákynì 13 a 14 let, áci do 12 let, ákynì do 12 let";"VzPu 30 ISSF vlee, VzPu 30 ISSF vlee s oporou";;;230;2024-04-02;https://shooting.cz/cs/souteze/2024-04-06-pobezovicka-diabolka-2-rocnik-1
2024-04-07;2024-04-07;"Jarní cena Opavy";Opava;"2. kategorie";"Mui, eny, Junioøi, Juniorky, Dorostenci st., Dorostenky st.";"SM 3x20, SM 60, LM 3x20, LM 60 ISSF";;;4;2024-04-04;https://shooting.cz/cs/souteze/2024-04-07-jarni-cena-opavy-1
2024-04-11;2024-04-22;"ISSF Final Olympic Qualification Championship Rifle & Pistol";"Rio De Janeiro";"repre-tımy, Sledovanı, Svìt";"Mui, eny";"VzPi 60, SP 30 míøená, RP 2x30, VzPu 60 ISSF, SM 3x20, LM 3x20";;;;;https://shooting.cz/cs/souteze/2024-04-11-issf-final-olympic-qualification-champions-rio-de-janeiro-clone-798006
2024-04-13;2024-04-13;"Karlovarská liga LP60 1.kolo - Pohár hejtmana Karlovarského kraje";"Lomnice u Sokolova";"2. kategorie";"Mui, Junioøi, Senioøi";"LP 60";;;258;;https://shooting.cz/cs/souteze/2024-04-13-karlovarska-liga-lp60-1-kolo-pohar-hejtmana-karlovarskeho-kraje
2024-04-14;2024-04-14;"Jarní cena SSK Pomezí - 32.roèník";Svitavy;"2. kategorie";"Mui, eny";"VzPi 60, VzPi 40";"SVÈ Svitavy";;119;2024-04-06;https://shooting.cz/cs/souteze/2024-04-14-jarni-cena-ssk-pomezi-32-rocnik-1
2024-04-14;2024-04-14;"Krajská støelecká liga mládee Zlínského kraje Finále";Nivnice;"2. kategorie, Kraj";"áci 13 a 14 let, ákynì 13 a 14 let, áci do 12 let, ákynì do 12 let";"VzPu 30 ISSF vlee, VzPu 30 ISSF vlee s oporou";;;551;2024-04-14;https://shooting.cz/cs/souteze/2024-04-14-krajska-strelecka-liga-mladeze-zlinskeho-kraje-finale
2024-04-14;2024-04-14;"Pohár starosty Lomnice LM,SM 60";"Lomnice u Sokolova";"2. kategorie";"Mui, eny, Junioøi, Juniorky, Dorostenci st., Dorostenky st., Senioøi";"SM 60, LM 60";;;258;2024-04-14;https://shooting.cz/cs/souteze/2024-04-14-pohar-starosty-lomnice-lm-sm-60-1
2024-04-14;2024-04-14;"Pohár starosty Lomnice LM,SM 60";Sokolov;"2. kategorie";"Mui, eny, Junioøi, Dorostenci st., Senioøi";"SM 60, LM 60";;;258;2024-04-14;https://shooting.cz/cs/souteze/2024-04-14-pohar-starosty-lomnice-lm-sm-60-2
2024-04-17;2024-04-17;"Fiala CUP 6.kolo";Plzeò;"2. kategorie";"Mui, eny, Dorostenci st., áci 13 a 14 let";"VzPi 40, VzPi 40 s oporou";"SSK Dukla Plzeò - è. 0370 (1. - 3. kolo) ,SSK Policie Rapid Plzeò - è. 0232 (4. – 6. kolo)";;;2024-03-19;https://shooting.cz/cs/souteze/2023-10-11-fiala-cup-1-kolo-clone-464252
2024-04-19;2024-04-21;"Kontrolní sledovanı závod 2024 1.kolo";Plzeò;"1. kategorie, ebøíèek, Sledovanı, Stát";"Mui, eny";"LP 60, StP 3x20, VP 30+30, SM 60 ISSF, LM 60 ISSF";;;;;https://shooting.cz/cs/souteze/2024-04-19-kontrolni-sledovany-zavod-2024-1-kolo
2024-04-19;2024-04-21;"Kontrolní závod reprezentace 2024 1.kolo";Plzeò;"1. kategorie, ebøíèek, Sledovanı, Stát";"Mui, eny";"VzPi 60, SP 30+30, RP 2x30, VzPu 60 ISSF, SM 3x20, LM 3x20";;;;;https://shooting.cz/cs/souteze/2024-04-19-kontrolni-zavod-reprezentace-2024-1-kolo
2024-04-19;2024-04-21;"Oblastní støelecká liga kule Karviná 2024 - 1. kolo";"Karviná - Nové Mìsto";"2. kategorie";"Mui, eny, Junioøi, Juniorky, Dorostenci st., Dorostenky st., dorostenci ml., dorostenky ml.";"SP 30+30, LP 60, StP 3x20, RP 2x30, VP 15+15";;;373;2024-04-19;https://shooting.cz/cs/souteze/2024-04-19-oblastni-strelecka-liga-kule-karvina-2024-1-kolo-1
2024-04-20;2024-04-20;"Aprílová sportka";"Praha 9 Hloubìtín";"3. kategorie";"Mui, eny";"SP 30 míøená";;;121;2024-04-18;https://shooting.cz/cs/souteze/2024-04-20-aprilova-sportka
2024-04-20;2024-04-20;"Karlovarská liga SP 30+30 1.kolo - Sokolovská sportka";"Lomnice u Sokolova";"2. kategorie";"Mui, eny, Junioøi, Juniorky, Dorostenci st., Dorostenky st., Senioøi";"SP 30+30";;;258;2024-04-20;https://shooting.cz/cs/souteze/2024-04-20-karlovarska-liga-sp-30-30-1-kolo-sokolovska-sportka-1
2024-04-22;2024-05-01;"ISSF Final Olympic Qualification Championship Shotgun";Doha;"repre-tımy, Sledovanı, Svìt";"Mui, eny";"Skeet, Trap";;;;;https://shooting.cz/cs/souteze/2024-04-22-issf-final-olympic-qualification-champions-doha
2024-04-27;2024-04-27;"Jarní cena SSK Újezd Sv.Køíe";"Újezd Sv.Køíe";"2. kategorie";"Mui, eny, Dorostenci st., Senioøi";"SM 60, LM 60";;;230;2024-04-25;https://shooting.cz/cs/souteze/2024-04-27-jarni-cena-ssk-ujezd-sv-krize-1
2024-04-27;2024-04-27;"Karlovarská liga SP 30+30 2.kolo / StP 3x20 1.kolo - Lomnická sportka";"Lomnice u Sokolova";"2. kategorie";"Mui, eny, Junioøi, Juniorky, Dorostenci st., Dorostenky st., Senioøi";"SP 30+30, StP 3x20";;;258;2024-04-27;https://shooting.cz/cs/souteze/2024-04-27-karlovarska-liga-sp-30-30-2-kolo-stp-3x20-1-kolo-lomnicka-sportka
2024-04-27;2024-04-27;"Velká cena Chotìboøe";Chotìboø;"2. kategorie";"Mui, eny, Junioøi, Juniorky";"LP 60";;;120;;https://shooting.cz/cs/souteze/2024-04-27-velka-cena-chotebore-1
2024-04-27;2024-04-28;"Èeskı pohár mládee 2024 1.kolo Manušice";Manušice;"1. kategorie, ebøíèek, Sledovanı, Stát";"Dorostenci st., Dorostenky st.";"VzPi 40, SP 30+30, VzPu 40 ISSF, SM 3x20, SM 60";"Èeskı støeleckı svaz";;200;2024-04-15;https://shooting.cz/cs/souteze/2024-04-27-cesky-pohar-mladeze-2024-1-kolo-manusice
2024-04-27;2024-04-28;"Èeskı pohár mládee 2024 1.kolo Ostrava";"Ostrava - Poruba";"1. kategorie, ebøíèek, Sledovanı, Stát";"Dorostenci st., Dorostenky st.";"VzPi 40, SP 30+30, VzPu 40 ISSF, SM 3x20, SM 60";"Èeskı støeleckı svaz";;368;2024-04-15;https://shooting.cz/cs/souteze/2024-04-27-klon-cesky-pohar-mladeze-2024-1-kolo-ostrava
2024-04-28;2024-04-28;"VC OÚ Prosimìøice";Prosimìøice;"2. kategorie";"Mui, eny, Junioøi, Juniorky, Dorostenci st., dorostenci ml.";"SM 3x20, SM 60, LM 3x20, LM 60";;;125;2024-04-28;https://shooting.cz/cs/souteze/2024-04-28-vc-ou-prosimerice
2024-05-01;2024-05-01;"Prvomájová pistole";"Nová paka";"3. kategorie";"Mui, eny";"VP 30 míøená";;;192;2024-05-01;https://shooting.cz/cs/souteze/2024-05-01-prvomajova-pistole
2024-05-01;2024-05-05;"52nd Grand Prix of  Liberation 2024 Plzeò";Plzeò;"1. kategorie, ebøíèek, Sledovanı, Svìt";"Mui, eny";"VzPi 60, SP 30+30, LP 60, StP 3x20, RP 2x30, VP 30+30, VzPu 60 ISSF, SM 3x20, SM 60 ISSF, LM 3x20, LM 60 ISSF";"Sdruení støeleckıch klubù mìsta Plznì";;;2024-04-24;https://shooting.cz/cs/souteze/2024-05-01-52nd-grand-prix-of-liberation-2024-plzen
2024-05-01;2024-05-12;"ISSF World Cup Baku";Baku;"repre-tımy, Sledovanı, Svìt";"Mui, eny";"VzPi 60, SP 30 míøená, RP 2x30, VzPu 60 ISSF, SM 3x20, LM 3x20, Skeet, Trap";;;;;https://shooting.cz/cs/souteze/2024-01-24-issf-world-cup-cairo-egypt-clone-400592
2024-05-03;2024-05-05;"Oblastní støelecká liga kule Karviná 2024 - 2. kolo + ÈPM 2024 - 1. kolo (RP 2x30)";"Karviná - Nové Mìsto";"2. kategorie";"Mui, eny, Junioøi, Juniorky, Dorostenci st., Dorostenky st., dorostenci ml., dorostenky ml.";"SP 30+30, LP 60, StP 3x20, RP 2x30, VP 15+15";;;373;;https://shooting.cz/cs/souteze/2024-05-03-oblastni-strelecka-liga-kule-karvina-2024-2-kolo-cpm-2024-1-kolo-rp-2x30-1
2024-05-04;2024-05-04;"Karlovarská liga LP60 2.kolo";"Lomnice u Sokolova";"2. kategorie";"Mui, Junioøi, Senioøi";"LP 60";;;258;2024-05-04;https://shooting.cz/cs/souteze/2024-05-04-karlovarska-liga-lp60-2-kolo-1
2024-05-04;2024-05-04;"Memoriál K. Trnky";"Praha 9 Hloubìtín";"3. kategorie";"Mui, eny";"SP 30 míøená";;;121;2024-05-02;https://shooting.cz/cs/souteze/2025-04-19-memorial-trnky-1
2024-05-04;2024-05-04;"Pohár osvobození mìsta Hluèína";Hluèín;"2. kategorie";"Mui, eny, Junioøi, Juniorky, Dorostenci st., Dorostenky st., dorostenci ml., dorostenky ml., Veteráni";"SM 3x20, SM 60";;;34;2024-05-02;https://shooting.cz/cs/souteze/2024-05-04-pohar-osvobozeni-mesta-hlucina
2024-05-04;2024-05-04;"Posázavské pøedovky";Krhanice;"2. kategorie";;"PePiC, PeRe, KøPiC, DPi, PePiV";;;117;;https://shooting.cz/cs/souteze/2024-05-04-posazavske-predovky-1
2024-05-04;2024-05-04;"Štít mìsta Tøeštì";Tøeš;"2. kategorie";"Mui, eny, Junioøi, Juniorky, Dorostenci st., dorostenci ml.";"SM 3x20, SM 60 ISSF, LM 3x20, LM 60 ISSF";;;39;2024-05-04;https://shooting.cz/cs/souteze/2024-05-04-stit-mesta-treste-1
2024-05-04;2024-05-04;"VC dvorù";Dvory;"2. kategorie";;"SM 60, LM 60";;;37;;https://shooting.cz/cs/souteze/2024-05-04-vc-dvoru
2024-05-05;2024-05-05;"Pohár Ostroje Opava";Opava;"2. kategorie";"Mui, eny, Junioøi, Juniorky, Dorostenci st., Dorostenky st.";"SM 3x20, SM 60";;;4;2024-05-02;https://shooting.cz/cs/souteze/2024-05-05-pohar-ostroje-opava
2024-05-05;2024-05-05;"Støelecká liga Horní Cerekev 2024 - 1.kolo";"Horní Cerekev";"2. kategorie";"Mui, eny, Junioøi, Juniorky, Dorostenci st., dorostenci ml.";"SM 3x20, SM 60 ISSF, LM 3x20, LM 60 ISSF";;;252;2024-05-05;https://shooting.cz/cs/souteze/2024-05-05-strelecka-liga-horni-cerekev-2024-1-kolo-1
2024-05-08;2024-05-08;"Jarní cena";Chotìboø;"2. kategorie";"Mui, eny, Junioøi, Juniorky, Dorostenci st., dorostenci ml.";"SM 3x20, SM 60, LM 3x20, LM 60";;;120;;https://shooting.cz/cs/souteze/2024-05-08-jarni-cena-1
2024-05-11;2024-05-11;"Boreckı pohár 2024 - 1.kolo";Borek;"2. kategorie";Mui;"SP 30+30";;;42;2024-05-11;https://shooting.cz/cs/souteze/2024-05-11-borecky-pohar-2024-1-kolo-1
2024-05-11;2024-05-11;"Jarní Cena Chaloupek";"Praha 9";"2. kategorie";"Mui, eny, Junioøi, Juniorky, Dorostenci st., Dorostenky st., dorostenci ml., dorostenky ml.";"SM 3x20, SM 60, LM 3x20, LM 60";;;134;2024-05-11;https://shooting.cz/cs/souteze/2024-05-11-jarni-cena-chaloupek
2024-05-11;2024-05-11;"Memoriál M. Hamerleho";"Praha 9 Hloubìtín";"2. kategorie";"Mui, eny";"VP 15+15";;;121;2024-05-09;https://shooting.cz/cs/souteze/2024-04-20-aprilova-sportka-1
2024-05-11;2024-05-11;"O pohár starosty obce Brništì - 2. roèník";"Brništì ";"2. kategorie";"Mui, eny, Dorostenci st., áci 13 a 14 let, áci do 12 let";"VzPu 60 ISSF, VzPu 40 ISSF, VzPu 30 ISSF vlee";;;10;2024-05-11;https://shooting.cz/cs/souteze/2024-05-11-o-pohar-starosty-obce-brniste-2-rocnik-1
2024-05-11;2024-05-11;"VC Dvorù";Dvory;"2. kategorie";;"SP 30+30";;;37;;https://shooting.cz/cs/souteze/2024-05-11-vc-dvoru
2024-05-11;2024-05-11;"VC SSK ŠKODA - dvojzávod";Vrchlabí;"2. kategorie, Pi";Mui;"VP 30+30";;;95;2024-05-11;https://shooting.cz/cs/souteze/2024-05-11-vc-ssk-skoda-dvojzavod
2024-05-11;2024-05-12;"Velká cena Medvìdù 6.roèník";Podìbrady;"2. kategorie";;"SM 3x20, SM 60, LM 3x20, LM 60";"SSK DDM Kolín è. 0045";;45;;https://shooting.cz/cs/souteze/2024-05-11-velka-cena-medvedu-6-rocnik-1
2024-05-12;2024-05-12;"Chocholoušská šedesátka";"Bystøice nad Pernštejnem";"2. kategorie";"Mui, eny, Junioøi, Juniorky, Dorostenci st., dorostenci ml.";"SM 60, LM 60";;;303;;https://shooting.cz/cs/souteze/2024-05-12-chocholousska-sedesatka-1
2024-05-12;2024-05-12;"Májová cena - 32.roèník";Svitavy;"2. kategorie";"Mui, eny";"VzPi 60, VzPi 40";"SVÈ Svitavy";;119;2024-05-04;https://shooting.cz/cs/souteze/2024-05-12-majova-cena-32-rocnik
2024-05-15;2024-05-27;"European Championships Lonato";Lonato;"repre-tımy, Sledovanı, Svìt";"Mui, eny, Junioøi, Juniorky";"Skeet, Trap";;;;;https://shooting.cz/cs/souteze/2024-05-15-european-championships-lonato
2024-05-17;2024-05-19;"Kontrolní sledovanı závod 2024 2.kolo";Plzeò;"1. kategorie, ebøíèek, Sledovanı, Stát";"Mui, eny";"LP 60, StP 3x20, VP 30+30, SM 60 ISSF, LM 60 ISSF";;;;;https://shooting.cz/cs/souteze/2024-05-17-kontrolni-sledovany-zavod-2024-2-kolo
2024-05-17;2024-05-19;"Kontrolní závod reprezentace 2024 2.kolo";Plzeò;"1. kategorie, ebøíèek, Sledovanı, Stát";"Mui, eny";"VzPi 60, SP 30+30, RP 2x30, VzPu 60 ISSF, SM 3x20, LM 3x20";;;;;https://shooting.cz/cs/souteze/2024-05-17-kontrolni-zavod-reprezentace-2024-2-kolo
2024-05-18;2024-05-18;"Velká cena Chaloupek";"Praha 9 Hloubìtín";"2. kategorie";"Mui, eny";"SP 30+30";;;121;2024-05-16;https://shooting.cz/cs/souteze/2024-05-18
2024-05-18;2024-05-18;"Západoèeská liga dorostu - 3.kolo";Klatovy;"2. kategorie";"Dorostenci st., Dorostenky st.";"SM 60, LM 60";;;173;2024-05-17;https://shooting.cz/cs/souteze/2024-05-18-zapadoceska-liga-dorostu-3-kolo-1
2024-05-19;2024-05-19;"Støelecká liga Horní Cerekev 2024 - 2.kolo";"Horní Cerekev";"2. kategorie";"Mui, eny, Junioøi, Juniorky, Dorostenci st., dorostenci ml.";"SM 3x20, SM 60 ISSF, LM 3x20, LM 60 ISSF";;;252;2024-05-19;https://shooting.cz/cs/souteze/2024-05-19-strelecka-liga-horni-cerekev-2024-2-kolo
2024-05-23;2024-06-09;"European Championships Osijek";Osijek;"repre-tımy, Sledovanı, Svìt";"Mui, eny, Junioøi, Juniorky";"SP 30 míøená, LP 60, RP 2x30, SM 3x20, SM 60 ISSF, LM 3x20, LM 60 ISSF";;;;;https://shooting.cz/cs/souteze/2024-05-23-european-championships-osijek
2024-05-25;2024-05-25;"Cena pivovaru Chotìboø";Chotìboø;"2. kategorie";"Mui, eny, Junioøi, Juniorky, Dorostenci st., dorostenci ml.";"SP 30+30";;;120;;https://shooting.cz/cs/souteze/2024-05-25-cena-pivovaru-chotebor-1
2024-05-25;2024-05-25;"Chalupecké mizivky";"Praha 9";"3. kategorie";"Mui, eny, Junioøi";"M-PU-MC(Pu), M-PU-MC(OM)";;;134;2024-05-25;https://shooting.cz/cs/souteze/2024-05-25-chalupecke-mizivky-1
2024-05-25;2024-05-25;"Májová sportka";"Praha 9 Hloubìtín";"3. kategorie";"Mui, eny";"SP 30 míøená";;;121;2024-05-23;https://shooting.cz/cs/souteze/2024-05-25
2024-05-25;2024-05-26;"Èeskı pohár mládee 2024 2.kolo Karlovy Vary - Bøezová";"Karlovy Vary - Bøezová";"1. kategorie, ebøíèek, Sledovanı, Stát";"Dorostenci st., Dorostenky st.";"VzPi 40, SP 30+30, VzPu 40 ISSF, SM 3x20, SM 60";"Èeskı støeleckı svaz";;115;2024-05-13;https://shooting.cz/cs/souteze/2024-05-25-cesky-pohar-mladeze-2024-2-kolo-karlovy-vary-brezova
2024-05-25;2024-05-26;"Èeskı pohár mládee 2024 2.kolo Ostrava";"Ostrava - Poruba";"1. kategorie, ebøíèek, Sledovanı, Stát";"Dorostenci st., Dorostenky st.";"VzPi 40, SP 30+30, VzPu 40 ISSF, SM 3x20, SM 60";"Èeskı støeleckı svaz";;368;2024-05-13;https://shooting.cz/cs/souteze/2024-05-25-klon-klon-cesky-pohar-mladeze-2024-2-kolo-ostrava
2024-05-26;2024-05-26;"Buchlovské pøedovky";Buchlovice;"2. kategorie";Mui;"PePiC, PeRe, PePuC, PePuV";;;209;;https://shooting.cz/cs/souteze/2024-05-26-buchlovske-predovky
2024-05-26;2024-05-26;"Cena SSK ïár n.S.";"Velké Meziøíèí";"2. kategorie";"Mui, eny, Junioøi, Juniorky, Dorostenci st., dorostenci ml.";"SM 3x20, SM 60, LM 3x20, LM 60";;;161;;https://shooting.cz/cs/souteze/2024-05-26-cena-ssk-zdar-n-s
2024-05-26;2024-05-26;"Kelèská liga 2024 - 2.kolo";Kelè;"2. kategorie";Mui;"SP 30+30";;;464;;https://shooting.cz/cs/souteze/2024-05-26-kelcska-liga-2024-2-kolo-1
2024-05-26;2024-05-26;"Memoriál Miloše Slaniny 2024";Karviná;"2. kategorie";"Mui, eny, Junioøi, Juniorky, Dorostenci st.";"LP 60";;;373;2024-05-26;https://shooting.cz/cs/souteze/2024-05-26-memorial-milose-slaniny-2024
2024-05-31;2024-06-02;"Oblastní støelecká liga kule Karviná 2024 - 3. kolo + ÈPM 2024 - 2. kolo (RP 2x30)";"Karviná - Nové Mìsto";"2. kategorie";"Mui, eny, Junioøi, Juniorky, Dorostenci st., Dorostenky st., dorostenci ml., dorostenky ml.";"SP 30+30, LP 60, StP 3x20, RP 2x30, VP 15+15";;;373;;https://shooting.cz/cs/souteze/2024-05-31-oblastni-strelecka-liga-kule-karvina-2024-3-kolo-cpm-2024-2-kolo-rp-2x30-1
2024-05-31;2024-06-07;"ISSF World Cup Munich";Mnichov;"repre-tımy, Sledovanı, Svìt";"Mui, eny";"VzPi 60, SP 30 míøená, RP 2x30, VzPu 60 ISSF, SM 3x20, LM 3x20";;;;;https://shooting.cz/cs/souteze/2024-02-10-issf-world-cup-granada-clone-911039
2024-06-01;2024-06-01;"Jarní cena Pøezletic";Ctìnice;"2. kategorie";"Mui, eny, Dorostenci st., dorostenci ml.";"SM 3x20, SM 60, LM 3x20, LM 60";;;190;;https://shooting.cz/cs/souteze/2024-06-01-jarni-cena-prezletic-1
2024-06-01;2024-06-01;"Pohár J. Krofty";"Praha 9 Hloubìtín";"2. kategorie";"Mui, eny";"SP 30 míøená";;;121;2024-05-30;https://shooting.cz/cs/souteze/2024-06-01
2024-06-01;2024-06-01;"Posázavská tøicítka Memorial Jaroslava Birndta";Krhanice;"3. kategorie";;"SP 30 míøená";;;117;;https://shooting.cz/cs/souteze/2024-06-01-posazavska-tricitka-memorial-jaroslava-birndta-1
2024-06-01;2024-06-01;"VC Krhanic";Krhanice;"2. kategorie";;"StP 3x20";;;117;;https://shooting.cz/cs/souteze/2024-06-01-vc-krhanic-1
2024-06-01;2024-06-01;"VC SSK 0311-Most 2024";Èepirohy;"2. kategorie";Mui;"PePiC, PeRe, KøPiC, PePiV, PePuC, PePuV, KøPuC, KøPuV";;;311;2024-06-01;https://shooting.cz/cs/souteze/2024-06-01-vc-ssk-0311-most-2024
2024-06-01;2024-06-01;"VC SSK Brništì";"Brništì ";"2. kategorie";"Mui, eny, Dorostenci st.";"SM 60 ISSF, LM 60 ISSF";;;10;2024-06-01;https://shooting.cz/cs/souteze/2024-06-01-vc-ssk-brniste-1
2024-06-02;2024-06-02;"Lukovská sportka XV. ro4n9k";"Luková u Lanškrouna";"2. kategorie";Mui;"SP 30+30, VP 30+30";"SSKP ORLICE Ústí nad Orlicí";;262;2024-05-24;https://shooting.cz/cs/souteze/2024-06-02-lukovska-sportka-xv-ro4n9k
2024-06-02;2024-06-02;"Memoriál Oldøicha Gavendy 4. roèník";Opava;"2. kategorie";"Mui, eny, Junioøi, Juniorky, Dorostenci st., Dorostenky st.";"SM 3x20, SM 60, LM 3x20, LM 60";;;4;2024-05-30;https://shooting.cz/cs/souteze/2024-06-02-memorial-oldricha-gavendy-4-rocnik
2024-06-02;2024-06-02;"Støelecká liga Horní Cerekev 2024 - 3.kolo, Pohár AVZO Horní Cerekev";"Horní Cerekev";"2. kategorie";"Mui, eny, Junioøi, Juniorky, Dorostenci st., dorostenci ml.";"SM 3x20, SM 60 ISSF, LM 3x20, LM 60 ISSF";;;252;2024-06-02;https://shooting.cz/cs/souteze/2024-06-02-strelecka-liga-horni-cerekev-2024-3-kolo-pohar-avzo-horni-cerekev
2024-06-07;2024-06-09;"International Championship of Veterans";Plzeò;"1. kategorie, Svìt";"Veteráni 45 - 54 let, Veteráni 65+ let, SH1, eny, Veteráni";"VzPi 40, SP 30+30, SP 30 míøená, VzPu 40 ISSF";;;15;2024-05-30;https://shooting.cz/cs/souteze/2024-06-07-international-championship-of-veterans
2024-06-08;2024-06-08;"Èervnové støílení ";Borek;"2. kategorie";"Mui, eny, Junioøi, Juniorky, Dorostenci st., áci 13 a 14 let, áci do 12 let";"VzPu 60 ISSF, VzPu 40 ISSF, VzPu 30 ISSF vlee";;;301;2024-06-05;https://shooting.cz/cs/souteze/2024-06-08-cervnove-strileni-1
2024-06-08;2024-06-08;"Dvorská šance";Dvory;"2. kategorie";;"VP 30+30";;;37;;https://shooting.cz/cs/souteze/2024-06-08-dvorska-sance
2024-06-10;2024-06-19;"ISSF World Cup Lonato";Lonato;"repre-tımy, Sledovanı";"Mui, eny";"Skeet, Trap";;;;;https://shooting.cz/cs/souteze/2024-02-04-issf-world-cup-shotgun-rabat-clone-216992
2024-06-14;2024-06-16;"Kontrolní sledovanı závod 2024 3.kolo";Plzeò;"1. kategorie, ebøíèek, Sledovanı, Stát";"Mui, eny";"LP 60, StP 3x20, VP 30+30, SM 60 ISSF, LM 60 ISSF";;;;;https://shooting.cz/cs/souteze/2024-06-14-kontrolni-sledovany-zavod-2024-3-kolo
2024-06-14;2024-06-16;"Kontrolní závod reprezentace 2024 3.kolo";Plzeò;"1. kategorie, ebøíèek, Sledovanı, Stát";"Mui, eny";"VzPi 60, SP 30+30, RP 2x30, VzPu 60 ISSF, SM 3x20, LM 3x20";;;;;https://shooting.cz/cs/souteze/2024-06-14-kontrolni-zavod-reprezentace-2024-3-kolo
2024-06-15;2024-06-15;"Akátová sportka";"Praha 9 Hloubìtín";"3. kategorie";"Mui, eny";"SP 30 míøená";;;121;2024-06-13;https://shooting.cz/cs/souteze/2024-06-15-akatova-sportka-1
2024-06-15;2024-06-15;"Boreckı pohár 2024 - 2.kolo";Borek;"2. kategorie";Mui;"SP 30+30";;;42;2024-05-11;https://shooting.cz/cs/souteze/2024-06-15-borecky-pohar-2024-2-kolo-1
2024-06-15;2024-06-15;" Memoriál Fr. Myšky";Dvory;"2. kategorie";;"SM 60, LM 60";;;37;;https://shooting.cz/cs/souteze/2024-06-15-memorial-fr-mysky
2024-06-16;2024-06-16;"Lukovská kule  XVII. roèník +  pøebor Pardubického a  Královéhradeckého kraje";"Luková u Lanškrouna";"2. kategorie, Kraj";Mui;"PePiC, PeRe, KøPiC, PePiV, PePuC, PePuV, KøPuC";"SSKP ORLICE Ústí nad Orlicí";;262;2024-06-07;https://shooting.cz/cs/souteze/2024-06-16-lukovska-kule-xvii-rocnik
2024-06-21;2024-06-23;"Oblastní støelecká liga kule Karviná 2024 - 4. kolo + ÈPM 2024 - 3. kolo (RP 2x30)";"Karviná - Nové Mìsto";"2. kategorie";"Mui, eny, Junioøi, Juniorky, Dorostenci st., Dorostenky st., dorostenci ml., dorostenky ml.";"SP 30+30, LP 60, StP 3x20, RP 2x30, VP 15+15";;;373;;https://shooting.cz/cs/souteze/2024-06-21-oblastni-strelecka-liga-kule-karvina-2024-4-kolo-cpm-2024-3-kolo-rp-2x30-1
2024-06-22;2024-06-22;"Letní Cena Chaloupek";"Praha 9";"2. kategorie";"Mui, eny, Junioøi, Juniorky, Dorostenci st., Dorostenky st., dorostenci ml., dorostenky ml.";"SM 3x20, SM 60, LM 3x20, LM 60";;;134;;https://shooting.cz/cs/souteze/2024-06-22-letni-cena-chaloupek-1
2024-06-22;2024-06-22;" VC SSK+AVZO Semily - Historické zbranì";Semily;"2. kategorie";;"PeRe, PeRe50m, KøPiC, PePiV, PePuV, KøPuV, Werndl";"Michal Saska";;731;2024-10-05;https://shooting.cz/cs/souteze/2024-06-22-vc-ssk-avzo-semily-historicke-zbrane-1
2024-06-23;2024-06-23;"VC SSK Prosimìøice";Prosimìøice;"2. kategorie";"Mui, eny, Junioøi, Juniorky, Dorostenci st., dorostenci ml.";"SM 3x20, SM 60, LM 3x20, LM 60";;;125;2024-06-23;https://shooting.cz/cs/souteze/2024-06-23-vc-ssk-prosimerice
2024-06-23;2024-06-23;"Velká cena Bystøice n.P.";"Bystøice nad Pernštejnem";"2. kategorie";"Mui, eny, Junioøi, Juniorky, Dorostenci st., dorostenci ml.";"SM 3x20, SM 60, LM 3x20, LM 60";;;303;;https://shooting.cz/cs/souteze/2024-06-23-velka-cena-bystrice-n-p-1
2024-06-23;2024-06-23;"Vrchlabská libovolka I. a sportka";Vrchlabí;"2. kategorie, Pi";"Mui, eny, Dorostenci st., Dorostenky st.";"SP 30+30, LP 60";;;95;2024-06-23;https://shooting.cz/cs/souteze/2024-06-23-vrchlabska-libovolka-i-a-sportka-1
2024-06-24;2024-06-27;"Olympiáda dìtí a mládee 2024";"Èeské Budìjovice";"1. kategorie, Sledovanı";"Dorostenci st., Dorostenky st.";"VzPi 40, VzPu 40 ISSF";"Kraj Jihoèeskı;  ÈSS z.s. - Jihoèeské krajské sdruení";;;2024-05-27;https://shooting.cz/cs/souteze/2024-06-24-olympiada-deti-a-mladeze-2024-1
2024-06-29;2024-06-29;"Polabskı pohár";podìbrady;"2. kategorie";;"SM 60, LM 60";"Kolín 0348";;32;;https://shooting.cz/cs/souteze/2024-06-29-polabsky-pohar-1
2024-06-29;2024-06-29;"VC Buchlovic";Buchlovice;"2. kategorie";"Mui, eny, Junioøi";"SP 30+30, VP 15+15";;;209;;https://shooting.cz/cs/souteze/2024-06-29-vc-buchlovic-1
2024-06-29;2024-06-30;"Èeskı pohár mládee 2024 3.kolo Manušice";Manušice;"1. kategorie, ebøíèek, Sledovanı, Stát";"Dorostenci st., Dorostenky st.";"VzPi 40, SP 30+30, VzPu 40 ISSF, SM 3x20, SM 60";"Èeskı støeleckı svaz";;200;2024-06-17;https://shooting.cz/cs/souteze/2024-06-29-cesky-pohar-mladeze-2024-3-kolo-manusice
2024-06-29;2024-06-30;"Èeskı pohár mládee 2024 3.kolo Ostrava";"Ostrava - Poruba";"1. kategorie, ebøíèek, Sledovanı, Stát";"Dorostenci st., Dorostenky st.";"VzPi 40, SP 30+30, VzPu 40 ISSF, SM 3x20, SM 60";"Èeskı støeleckı svaz";;368;2024-06-17;https://shooting.cz/cs/souteze/2024-06-29-cesky-pohar-mladeze-2024-3-kolo-ostrava
2024-06-30;2024-06-30;"Kelèská liga 2024 - 3.kolo, CENA KELÈE";Kelè;"2. kategorie";Mui;"SP 30+30";;;464;;https://shooting.cz/cs/souteze/2024-06-30-kelcska-liga-2024-3-kolo-cena-kelce
2024-07-05;2024-07-05;"Klatovskı karafiát";Klatovy;"2. kategorie";"Mui, eny, Junioøi, Juniorky, Dorostenci st., Senioøi";"SP 30+30, LP 60";;;173;2024-07-04;https://shooting.cz/cs/souteze/2024-07-05-klatovsky-karafiat-1
2024-07-06;2024-07-06;"59. roèník Velké ceny mìsta Uherskı Ostroh a 45. Roèník memoriálu Stanislava Køiváka";"Uherskı Ostroh";"2. kategorie";Mui;"PePiC, PeRe, PeRe50m, KøPiC, DPi, PePiV, PePuC, PePuV, KøPuC, DPu, DPuK, KøPuV, PePuC100m, PePuV100m, KøPu100";;;210;2024-07-06;https://shooting.cz/cs/souteze/2024-07-06-59-rocnik-velke-ceny-mesta-uhersky-ostroh-a-45-rocnik-memorialu-stanislava-krivaka
2024-07-06;2024-07-06;"Velká cena Chotìboøe";Chotìboø;"2. kategorie";"Mui, eny, Junioøi, Juniorky, Dorostenci st., dorostenci ml.";"SP 30+30";;;120;;https://shooting.cz/cs/souteze/2024-07-06-velka-cena-chotebore-1
2024-07-09;2024-07-16;"ISSF Junior World Cup Porpetto";Porpetto;"repre-tımy, Sledovanı, Svìt";"Junioøi, Juniorky";"Skeet, Trap";;;;;https://shooting.cz/cs/souteze/2024-07-09-issf-junior-world-cup-porpetto
2024-07-10;2024-07-14;"Meeting of the Shooting Hopes 2024";Plzeò;"1. kategorie, ebøíèek, Sledovanı, Svìt";"Junioøi, Juniorky";"VzPi 60, SP 30+30, LP 60, StP 3x20, RP 2x30, VzPu 60 ISSF, SM 3x20, SM 60 ISSF, LM 3x20, LM 60 ISSF";"Sdruení støeleckıch klubù mìsta Plznì";;;2024-07-03;https://shooting.cz/cs/souteze/2024-07-10-meeting-of-the-shooting-hopes-2024
2024-07-20;2024-07-20;"Pohár mìsta Chotìboøe";Chotìboø;"2. kategorie";"Mui, eny, Junioøi, Juniorky, Dorostenci st., dorostenci ml.";"SP 30+30";;;120;;https://shooting.cz/cs/souteze/2024-07-20-pohar-mesta-chotebore-1
2024-07-20;2024-07-20;"Velká cena Batelova";Batelov;"2. kategorie";"Mui, eny, Junioøi, Dorostenci st., dorostenci ml.";"SM 60, LM 60";;;383;2024-07-18;https://shooting.cz/cs/souteze/2024-07-20-velka-cena-batelova
2024-07-21;2024-07-21;"Støelecká liga Horní Cerekev 2024 - 4.kolo";"Horní Cerekev";"2. kategorie";"Mui, eny, Junioøi, Juniorky, Dorostenci st., dorostenci ml.";"SM 3x20, SM 60 ISSF, LM 3x20, LM 60 ISSF";;;252;2024-07-21;https://shooting.cz/cs/souteze/2024-07-21-strelecka-liga-horni-cerekev-2024-4-kolo
2024-07-26;2024-08-05;"XXXIII Olympic Games";Paøí;"repre-tımy, Sledovanı, Svìt";"Mui, eny";"VzPi 60, SP 30 míøená, RP 2x30, VzPu 60 ISSF, SM 3x20, LM 3x20, Skeet, Trap";;;;;https://shooting.cz/cs/souteze/2024-07-26-xxxiii-olympic-games
2024-07-27;2024-07-27;"Boreckı pohár 2024 - 3.kolo";Borek;"2. kategorie";Mui;"SP 30+30";;;42;2024-05-11;https://shooting.cz/cs/souteze/2024-07-27-borecky-pohar-2024-3-kolo-1
2024-07-27;2024-07-28;"Potkali se u Kolína 11.roèník";Podìbrady;"2. kategorie";;"SM 3x20, SM 60, LM 3x20, LM 60";"SSK DDM Kolín è. 0045";;45;;https://shooting.cz/cs/souteze/2024-07-27-potkali-se-u-kolina-11-rocnik-2
2024-07-28;2024-07-28;"Kelèská liga 2024 - 4.kolo";Kelè;"2. kategorie";Mui;"SP 30+30";;;464;;https://shooting.cz/cs/souteze/2024-07-28-kelcska-liga-2024-4-kolo-1
2024-08-03;2024-08-03;"Memoriál Guntera Stoklasy  ,, osmı  ROÈNÍK “";"Nová paka";"2. kategorie";Mui;"PePiC, PeRe, PePiV, PePuC, PePuV, KøPuC, Werndl";;;192;2024-08-03;https://shooting.cz/cs/souteze/2024-08-03-memorial-guntera-stoklasy-osmy-rocnik
2024-08-04;2024-08-04;"Pohár Lobez";Plzeò;"2. kategorie";"Mui, eny, Dorostenci st., Dorostenky st., Senioøi";"SP 30+30, StP 3x20";;;232;2024-08-02;https://shooting.cz/cs/souteze/2024-08-04-pohar-lobez
2024-08-10;2024-08-10;"Boreckı pohár 2024 - 4.kolo";Borek;"2. kategorie";Mui;"SP 30+30";;;42;2024-05-11;https://shooting.cz/cs/souteze/2024-08-10-borecky-pohar-2024-4-kolo-1
2024-08-10;2024-08-10;"Memoriál Josefa Sıse";Sokolov;"2. kategorie";"Mui, eny, Junioøi, Dorostenci st., Senioøi";"SP 30+30, StP 3x20";;;258;2024-08-10;https://shooting.cz/cs/souteze/2024-08-10-memorial-josefa-syse
2024-08-10;2024-08-10;"Pohár mìsta Hluèína";Hluèín;"2. kategorie";"Mui, eny, Junioøi, Juniorky, Dorostenci st., Dorostenky st., dorostenci ml., dorostenky ml., Veteráni";"SM 3x20, SM 60";;;34;2024-08-09;https://shooting.cz/cs/souteze/2024-08-10-pohar-mesta-hlucina-1
2024-08-11;2024-08-11;"Opavskı leák a standard a pøebor Moravskoslezského kraje";Opava;"2. kategorie";"Mui, eny, Junioøi, Juniorky, Dorostenci st., Dorostenky st.";"SM 3x20, SM 60, LM 3x20, LM 60";"Ostroj Opava";;4;2024-08-08;https://shooting.cz/cs/souteze/2024-08-11-opavsky-lezak-a-standard-a-prebor-moravskoslezskeho-kraje
2024-08-11;2024-08-11;"Støelecká liga Horní Cerekev 2024 - 5.kolo";"Horní Cerekev";"2. kategorie";"Mui, eny, Junioøi, Juniorky, Dorostenci st., dorostenci ml.";"SM 3x20, SM 60 ISSF, LM 3x20, LM 60 ISSF";;;252;2024-08-11;https://shooting.cz/cs/souteze/2024-08-11-strelecka-liga-horni-cerekev-2024-5-kolo
2024-08-17;2024-08-18;"Akademické mistrovství ÈR 2024";Plzeò;"1. kategorie, ebøíèek, Sledovanı, Stát";"Mui, eny";"VzPi 60, SP 30+30, LP 60, VzPu 60 ISSF, SM 3x20, SM 60, LM 3x20, LM 60 ISSF";"Èeskı støeleckı svaz";;;2024-08-17;https://shooting.cz/cs/souteze/2024-08-17-akademicke-mistrovstvi-cr-2024
2024-08-17;2024-08-18;"Èeskı pohár mládee 2024 4.kolo Plzeò spoleèné";Plzeò;"1. kategorie, ebøíèek, Sledovanı, Stát";"Dorostenci st., Dorostenky st.";"VzPi 40, SP 30+30, RP 2x30, VzPu 40 ISSF, SM 3x20, SM 60";"Èeskı støeleckı svaz";;;2024-08-05;https://shooting.cz/cs/souteze/2024-08-17-cesky-pohar-mladeze-2024-4-kolo-plzen-spolecne
2024-08-18;2024-08-18;"Vrchlabská libovolka II. a sportka";Vrchlabí;"2. kategorie, Pi";"Mui, eny, Dorostenci st., Dorostenky st.";"SP 30+30, LP 60";;;95;2024-08-18;https://shooting.cz/cs/souteze/2024-08-18-vrchlabska-libovolka-ii-a-sportka-1
2024-08-23;2024-08-25;"Kontrolní sledovanı závod 2024 4.kolo";Plzeò;"1. kategorie, ebøíèek, Sledovanı, Stát";"Mui, eny";"LP 60, StP 3x20, VP 30+30, SM 60 ISSF, LM 60 ISSF";;;;;https://shooting.cz/cs/souteze/2024-08-23-kontrolni-sledovany-zavod-2024-4-kolo
2024-08-23;2024-08-25;"Kontrolní závod reprezentace 2024 4.kolo";Plzeò;"1. kategorie, ebøíèek, Sledovanı, Stát";"Mui, eny";"VzPi 60, SP 30+30, RP 2x30, VzPu 60 ISSF, SM 3x20, LM 3x20";;;;;https://shooting.cz/cs/souteze/2024-08-23-kontrolni-zavod-reprezentace-2024-4-kolo
2024-08-24;2024-08-24;"Rychlá pistole";"Nová paka";"3. kategorie";Mui;"StVzPi 3x20";;;192;2024-08-24;https://shooting.cz/cs/souteze/2024-08-24-rychla-pistole
2024-08-24;2024-08-25;"VC Podìbrad 2024 - Memoriál J. Vlèka";Podìbrady;"2. kategorie";;"LM 3x20, LM 60";;;32;;https://shooting.cz/cs/souteze/2024-08-24-vc-podebrad-2024-memorial-j-vlcka-1
2024-08-30;2024-09-01;"Oblastní støelecká liga kule Karviná 2024 - 5. kolo";"Karviná - Nové Mìsto";"2. kategorie";"Mui, eny, Junioøi, Juniorky, Dorostenci st., Dorostenky st., dorostenci ml., dorostenky ml.";"SP 30+30, LP 60, StP 3x20, RP 2x30, VP 15+15";;;373;;https://shooting.cz/cs/souteze/2024-08-30-oblastni-strelecka-liga-kule-karvina-2024-5-kolo-1
2024-08-31;2024-08-31;"Memoriál Gery a Libora Kùrkovıch";Manušice;"2. kategorie";"Mui, eny, Junioøi, Juniorky, Dorostenci st., dorostenci ml.";"SM 3x20, SM 60";;;200;2024-08-25;https://shooting.cz/cs/souteze/2024-08-31-memorial-gery-a-libora-kurkovych-1
2024-08-31;2024-08-31;"Podzimní vıstøel";"Horní Cerekev";"2. kategorie";"Mui, eny";"SM 60 ISSF, LM 60 ISSF";;;252;2024-08-31;https://shooting.cz/cs/souteze/2024-08-31-podzimni-vystrel
2024-08-31;2024-08-31;"Poslední prázdninovı vıstøel 23. roèník a 16. roèník Memoriálu Karla Aubuse";"Uherskı Ostroh";"2. kategorie";Mui;"PePiC, PeRe, PeRe50m, KøPiC, DPi, PePuC, PePuV, KøPuC, DPu, PePuC100m, PePuV100m";;;210;2024-08-31;https://shooting.cz/cs/souteze/2024-08-31-posledni-prazdninovy-vystrel-23-rocnik-a-16-rocnik-memorialu-karla-aubuse
2024-08-31;2024-08-31;"Velká cena SSK Chotìboø";Chotìboø;"2. kategorie";"Mui, eny, Junioøi, Juniorky, Dorostenci st., dorostenci ml.";"SM 3x20, SM 60, LM 3x20, LM 60";;;120;;https://shooting.cz/cs/souteze/2024-08-31-velka-cena-ssk-chotebor-1
2024-09-01;2024-09-01;"Memoriál F.Vobra";"Bystøice nad Pernštejnem";"2. kategorie";"Mui, eny, Junioøi, Juniorky, Dorostenci st., dorostenci ml.";"SM 60, LM 60";;;303;;https://shooting.cz/cs/souteze/2024-09-01-memorial-f-vobra-1
2024-09-01;2024-09-01;"Memoriál Ilka Dlouhého";Prosimìøice;"2. kategorie";"Mui, eny, Junioøi, Juniorky, Dorostenci st., dorostenci ml.";"SM 3x20, SM 60, LM 3x20, LM 60";;;125;2024-09-01;https://shooting.cz/cs/souteze/2024-09-01-memorial-ilka-dlouheho
2024-09-06;2024-09-08;"Èeskı pohár mládee 2024 finále Plzeò";Plzeò;"1. kategorie, ebøíèek, Sledovanı, Stát";"Dorostenci st., Dorostenky st.";"VzPi 40, SP 30+30, RP 2x30, VzPu 40 ISSF, SM 3x20, SM 60";"Èeskı støeleckı svaz";;;2024-08-26;https://shooting.cz/cs/souteze/2024-08-17-klon-cesky-pohar-mladeze-2024-4-kolo-plzen
2024-09-06;2024-09-08;"Kontrolní závod reprezentace 2024 Finále";Plzeò;"1. kategorie, ebøíèek, Sledovanı, Stát";"Mui, eny";"VzPi 60, SP 30+30, RP 2x30, VzPu 60 ISSF, SM 3x20, LM 3x20";;;;;https://shooting.cz/cs/souteze/2024-09-06-kontrolni-zavod-reprezentace-2024-finale
2024-09-07;2024-09-07;"Boreckı pohár 2024 - 5.kolo";Borek;"2. kategorie";Mui;"SP 30+30";;;42;2024-05-11;https://shooting.cz/cs/souteze/2024-09-07-borecky-pohar-2024-5-kolo-1
2024-09-07;2024-09-07;"Memoriál Františka Rejmana";"Praha 9 Hloubìtín";"3. kategorie";"Mui, eny";"SP 30 míøená";;;121;2024-09-05;https://shooting.cz/cs/souteze/2024-09-07-memorial-frantiska-rejmana-1
2024-09-08;2024-09-08;"Kelèská liga 2024 - 5.kolo + FINÁLE";Kelè;"2. kategorie";Mui;"SP 30+30";;;464;;https://shooting.cz/cs/souteze/2024-09-08-kelcska-liga-2024-5-kolo-finale-1
2024-09-09;2024-09-12;"Memoriál Milana Albrechta";Hluèín;"2. kategorie";"Mui, eny, Junioøi, Juniorky, Dorostenci st., Dorostenky st., Veteráni";"SM 60, LM 60";;;34;2024-09-12;https://shooting.cz/cs/souteze/2024-09-09
2024-09-14;2024-09-14;"Chaloupecká sportka";"Praha 9 Hloubìtín";"3. kategorie";"Mui, eny";"SP 30 míøená";;;121;2024-09-12;https://shooting.cz/cs/souteze/2024-09-14-chaloupecka-sportka-1
2024-09-14;2024-09-14;"Podzimní cena Pøezletic";Ctìnice;"2. kategorie";"Mui, eny, Dorostenci st., dorostenci ml.";"SM 3x20, SM 60, LM 3x20, LM 60";;;190;;https://shooting.cz/cs/souteze/2024-09-14-podzimni-cena-prezletic
2024-09-14;2024-09-14;"VC Pelhøimova, Memoriál J.Veverky";Pelhøimov;"2. kategorie";"Mui, eny, Junioøi, Juniorky, Dorostenci st., dorostenci ml.";"SM 3x20, SM 60, LM 3x20, LM 60";;;353;;https://shooting.cz/cs/souteze/2024-09-14-vc-pelhrimova-memorial-j-veverky-1
2024-09-15;2024-09-15;"Memoriál Jana Vondráèka  XVII. roèník";"Luková u Lanškrouna";"2. kategorie";Mui;"PePiC, PeRe, KøPiC, PePiV, PePuC, PePuV, KøPuC";"SSKP ORLICE Ústí nad Orlicí";;262;2024-09-06;https://shooting.cz/cs/souteze/2024-09-15-memorial-jana-vondracka-xvii-rocnik
2024-09-15;2024-09-15;"Pohár SSK Bystøice n.P.";"Bystøice nad Pernštejnem";"2. kategorie";"Mui, eny, Junioøi, Juniorky, Dorostenci st., dorostenci ml.";"SM 60, LM 60";;;303;;https://shooting.cz/cs/souteze/2024-09-15-pohar-ssk-bystrice-n-p-1
2024-09-15;2024-09-15;"VC Pelhøimova, Memoriál J.Veverky";Pelhøimov;"2. kategorie";"Mui, eny, Junioøi, Juniorky, Dorostenci st., dorostenci ml.";"SP 30+30, VP 30+30";;;353;;https://shooting.cz/cs/souteze/2024-09-15-vc-pelhrimova-memorial-j-veverky-1
2024-09-20;2024-09-22;"Mistrovství ÈR 2024 kule";Plzeò;"1. kategorie";"Mui, eny, Junioøi, Juniorky, Dorostenci st., Dorostenky st.";"SP 30+30, LP 60, StP 3x20, RP 2x30, VP 30+30, SM 3x20, SM 60 ISSF, LM 3x20, LM 60 ISSF";"Èeskı støeleckı svaz";;;2024-09-10;https://shooting.cz/cs/souteze/2024-09-20-mistrovstvi-cr-2024-kule
2024-09-21;2024-09-21;"Krhanické pøedovky";Krhanice;"2. kategorie";;"PePiC, PeRe, KøPiC, DPi, PePiV";;;117;;https://shooting.cz/cs/souteze/2024-09-21-krhanicke-predovky-1
2024-09-21;2024-09-21;"Manušické pøedovky";Manušice;"2. kategorie";;"PePiC, PeRe, KøPiC, DPi, PePiV, PePuC, PePuV, KøPuC, KøPuV";"SSK Manušice 0200";;200;2024-09-19;https://shooting.cz/cs/souteze/2024-09-21-manusicke-predovky-1
2024-09-21;2024-09-21;"Podzimní Cena Chaloupek";"Praha 9";"2. kategorie";"Mui, eny, Junioøi, Juniorky, Dorostenci st., Dorostenky st., dorostenci ml., dorostenky ml.";"SM 3x20, SM 60, LM 3x20, LM 60";;;134;;https://shooting.cz/cs/souteze/2024-09-21-podzimni-cena-chaloupek
2024-09-21;2024-09-21;"VC Buchlovic";Buchlovice;"2. kategorie";Mui;"StP 3x20, VP 15+15";;;209;;https://shooting.cz/cs/souteze/2024-09-21-vc-buchlovic-1
2024-09-21;2024-09-21;"Velká cena amatérù";"Praha 9 Hloubìtín";"3. kategorie";"Mui, eny";"SP 30 míøená";;;121;2024-09-19;https://shooting.cz/cs/souteze/2024-09-21
2024-09-26;2024-10-09;"Junior World Championship Lima";Lima;"repre-tımy, Sledovanı, Svìt";"Junioøi, Juniorky";"VzPi 60, SP 30 míøená, RP 2x30, VzPu 60 ISSF, SM 3x20, SM 60 ISSF, LM 3x20, LM 60 ISSF, Skeet, Trap";;;;;https://shooting.cz/cs/souteze/2024-11-01-junior-world-championship-lima
2024-09-28;2024-09-28;"Velká cena Letova";"Praha 9 Hloubìtín";"2. kategorie";"Mui, eny";"SP 30 míøená";;;121;2024-09-26;https://shooting.cz/cs/souteze/2024-09-28-1
2024-09-29;2024-09-29;"Honba za rekordy Petra Hubáèe 2024";;"2. kategorie";"Mui, eny, Junioøi, Juniorky, Dorostenci st., Dorostenky st., dorostenci ml., dorostenky ml.";"SpVzPi 30+30, StVzPi 3x20";;;373;2024-09-29;https://shooting.cz/cs/souteze/2024-09-29-honba-za-rekordy-petra-hubace-2024
2024-09-29;2024-09-29;"Pohár SSK Mostištì";"Velké Meziøíèí";"2. kategorie";"Mui, eny, Junioøi, Juniorky, Dorostenci st., dorostenci ml.";"SM 60, LM 60";;;287;;https://shooting.cz/cs/souteze/2024-09-29-pohar-ssk-mostiste-1
2024-09-29;2024-09-29;"Posázavskı pohár, 65.roèník";Krhanice;"2. kategorie";;"SP 30+30";;;117;;https://shooting.cz/cs/souteze/2024-09-29-posazavsky-pohar-65-rocnik
2024-10-05;2024-10-05;"Husitskı štít 65. roèník + Jihoèeskı KP";Borek;"2. kategorie";"Mui, eny, Dorostenci st., Dorostenky st.";"SP 30+30, SM 3x20, SM 60 ISSF, LM 3x20, LM 60 ISSF";;;42;2024-10-02;https://shooting.cz/cs/souteze/2024-10-05-husitsky-stit-65-rocnik-jihocesky-kp-1
2024-10-05;2024-10-05;"Memoriál Vlastimila Hejla";"Praha 9 Hloubìtín";"2. kategorie";"Mui, eny";"SP 30+30";;;121;2024-10-03;https://shooting.cz/cs/souteze/2024-10-05-memorial-vlastimila-hejla
2024-10-06;2024-10-06;"Pohár SSK Velké Meziøíèí";"Velké Meziøíèí";"2. kategorie";"Mui, eny, Junioøi, Juniorky, Dorostenci st., dorostenci ml.";"SM 60, LM 60";;;324;;https://shooting.cz/cs/souteze/2024-10-06-pohar-ssk-velke-mezirici
2024-10-12;2024-10-12;"Budìjická diabolka";Borek;"2. kategorie";"Mui, eny, Junioøi, Juniorky, Dorostenci st., áci 13 a 14 let, áci do 12 let";"VzPu 60 ISSF, VzPu 40 ISSF, VzPu 30 ISSF vlee";;;301;2024-10-09;https://shooting.cz/cs/souteze/2024-10-12-budejicka-diabolka-1
2024-10-12;2024-10-12;"Pohár Sopky";"Nová paka";"2. kategorie";"Mui, eny";"LM 60";;;192;2024-10-12;https://shooting.cz/cs/souteze/2024-10-12-pohar-sopky-1
2024-10-12;2024-10-12;"Praskı støeleckı festival";"Praha 9 Hloubìtín";"2. kategorie";"Mui, eny";"VP 15+15";;;121;2024-10-10;https://shooting.cz/cs/souteze/2024-10-12-prazsky-strelecky-festival-1
2024-10-19;2024-10-19;"Podzimní soutì z pøedovek 2024";Ostromìø;"2. kategorie";Mui;"PePiC, PeRe, KøPiC, DPi, PePiV, PePuC, PePuV, KøPuC, Werndl";;;214;2024-10-11;https://shooting.cz/cs/souteze/2024-10-19-podzimni-soutez-z-predovek-2024-1
2024-10-19;2024-10-19;"VC Borku - 26.roèník";Borek;"2. kategorie";"Mui, eny, Junioøi, Juniorky, Dorostenci st., Dorostenky st.";"VzPi 60, VzPi 40, VzPu 60 ISSF, VzPu 40 ISSF";;;42;2024-10-16;https://shooting.cz/cs/souteze/2024-10-19-vc-borku-26-rocnik-1
2024-10-19;2024-10-20;"Tvrïák 2024";Plzeò;"2. kategorie";Mui;"VzPi 60, VzPu 60 ISSF";;;69;2024-10-19;https://shooting.cz/cs/souteze/2024-10-19-tvrdak-2024
2024-10-26;2024-10-26;"Podzimní sportka";"Praha 9 Hloubìtín";"3. kategorie";"Mui, eny";"SP 30 míøená";;;121;2024-10-24;https://shooting.cz/cs/souteze/2024-10-26-podzimni-sportka-1
2024-11-02;2024-11-02;"Podzimní soutì";"Nová paka";"3. kategorie";Mui;"SP 30+30";;;192;2024-11-02;https://shooting.cz/cs/souteze/2024-11-02-podzimni-soutez-2
2024-11-02;2024-11-02;"VC Stromovky - 26.roèník";Borek;"2. kategorie";"Mui, eny, Dorostenci st.";"VzPi 60, VzPi 40, VzPu 60 ISSF, VzPu 40 ISSF";;;301;2024-10-30;https://shooting.cz/cs/souteze/2024-11-02-vc-stromovky-26-rocnik-1
2024-11-02;2024-11-02;"Vrchlabsko-Trutnovská vzduchovková liga 2024-2025 1.kolo";Trutnov;"2. kategorie, Pi";"Mui, eny, Dorostenci st., Dorostenky st., Veteráni";"VzPi 60, VzPi 40";;;95;2024-11-02;https://shooting.cz/cs/souteze/2024-11-02-vrchlabsko-trutnovska-vzduchovkova-liga-2024-2025-1-kolo-1
2024-11-23;2024-11-24;"Grand Prix Rapid Plzeò";Plzeò;"1. kategorie, Sledovanı";"Mui, eny, Dorostenci st.";"VzPi 60, VzPi 40, VzPu 60 ISSF, VzPu 40";;;232;2024-11-14;https://shooting.cz/cs/souteze/2024-11-23-grand-prix-rapid-plzen
2024-11-30;2024-11-30;"Vrchlabsko-Trutnovská vzduchovková liga 2024-2025 - 2.kolo";Trutnov;"2. kategorie, Pi";"Mui, eny, Dorostenci st., Dorostenky st., Veteráni";"VzPi 60, VzPi 40";;;95;2024-11-30;https://shooting.cz/cs/souteze/2024-11-30-vrchlabsko-trutnovska-vzduchovkova-liga-2024-2025-2-kolo-1
2024-12-07;2024-12-07;"Vánoèní støílení - 16.roèník";Borek;"2. kategorie";"Mui, eny, Junioøi, Juniorky, Dorostenci st., áci 13 a 14 let, áci do 12 let";"VzPu 60 ISSF, VzPu 40 ISSF, VzPu 30 ISSF vlee";;;301;2024-12-04;https://shooting.cz/cs/souteze/2024-12-07-vanocni-strileni-16-rocnik
2025-01-04;2025-01-04;"Vrchlabsko-Trutnovská vzduchovková liga 2024-2025 - 3.kolo";Trutnov;"2. kategorie, Pi";"Mui, eny, Dorostenci st., Dorostenky st., Veteráni";"VzPi 60, VzPi 40";;;95;2024-11-02;https://shooting.cz/cs/souteze/2025-01-04-vrchlabsko-trutnovska-vzduchovkova-liga-2024-2025-3-kolo-1
2025-02-01;2025-02-01;"Vrchlabsko-Trutnovská vzduchovková liga 2024-2025 - 4.kolo";Trutnov;"2. kategorie, Pi";"Mui, eny, Dorostenci st., Dorostenky st., Veteráni";"VzPi 60, VzPi 40";;;95;2025-02-01;https://shooting.cz/cs/souteze/2025-02-01-vrchlabsko-trutnovska-vzduchovkova-liga-2024-2025-4-kolo-1
2025-02-01;2025-02-02;"Testovací závod";"Hradec Králové";"Test, 3. kategorie";"Mui, eny, Junioøi";"VzPi 60, SP 30+30, VP 30+30";;;62;;https://shooting.cz/cs/souteze/2025-02-01-testovaci-zavod
2025-03-01;2025-03-01;"Vrchlabsko-Trutnovská vzduchovková liga 2024-2025 - finále";Trutnov;"2. kategorie, Pi";"Mui, eny, Dorostenci st., Dorostenky st., Veteráni";"VzPi 60, VzPi 40";;;95;2025-03-01;https://shooting.cz/cs/souteze/2025-03-01-vrchlabsko-trutnovska-vzduchovkova-liga-2024-2025-finale-1
